date,year,month,day,open,high,low,close,volume,trades,open_yesterday,high_yesterday,low_yesterday,close_yesterday,volume_yesterday,trades_yesterday,open_1D_change,high_1D_change,low_1D_change,close_1D_change,volume_1D_change,trades_1D_change,open_average_7D,high_average_7D,low_average_7D,close_average_7D,volume_average_7D,trades_average_7D,open_%change_7D,high_%change_7D,low_%change_7D,close_%change_7D,volume_%change_7D,trades_%change_7D,moving_average_9,moving_average_20,moving_average_50
2022-01-01,2022,1,1,46150.0,47922.6,46150.0,47738.3,2133.68707098,19093,47143.8,48591.6,45530.3,46150.0,3113.0177165101,28633.0,0.014619763475341552,0.014281718481904626,-0.008704531451052655,-0.02108018445691695,0.6140630186164286,0.29619737437754634,49130.47142857143,49974.77142857143,47857.59999999999,48462.25714285715,2120.1788241243144,23541.285714285714,-0.006019535676251242,-0.009744037995805255,-0.005855654482094416,-0.01037735803207204,0.04667141304341008,0.006220847497438421,48987.65555555556,48340.784999999996,53022.295999999995
2022-01-02,2022,1,2,47736.5,47950.4,46700.0,47304.6,1343.75926236,19384,46150.0,47922.6,46150.0,47738.3,2133.68707098,19093.0,-0.02108018445691695,-0.01376781172054431,0.013610716380080934,0.034416034669555895,-0.3145920565553333,-0.3331819928055041,48461.299999999996,49513.114285714284,47277.71428571428,48076.87142857143,2250.3061243057427,24075.14285714286,-0.010376549302097447,-0.008963596845104489,-0.0142764649266131,-0.013432385130814952,0.16762209069554881,0.06386081907258376,48645.37777777777,48222.04,52694.00199999999
2022-01-03,2022,1,3,47301.2,47567.2,45707.9,46452.6,2133.14177926,23931,47736.5,47950.4,46700.0,47304.6,1343.75926236,19384.0,0.03437703141928483,0.0005801020812727931,0.011917659804983716,-0.009084948563312989,-0.37021727289053075,0.01524118786989992,48075.642857142855,49042.885714285716,46888.014285714286,47577.91428571428,2288.0854416728857,24628.428571428572,-0.013431295290025323,-0.00902858234006519,-0.011633306798248446,-0.007396485772640848,0.19161581720131307,0.08290491107668922,48253.18888888889,48250.659999999996,52352.232
2022-01-04,2022,1,4,46452.5,47500.0,45548.7,45858.5,2219.89025735,22817,47301.2,47567.2,45707.9,46452.6,2133.14177926,23931.0,-0.00911880845893609,-0.007991591311021451,-0.021244111349036365,-0.01801093339759774,0.5874434052373589,0.23457490713990925,47576.18571428571,48393.77142857143,46206.25714285714,46972.942857142865,2360.0520782828858,24908.85714285714,-0.007401527674145211,-0.009190907629132803,-0.0077077992228570735,-0.009717697565065908,0.15549154977918064,0.08364025585518609,47810.58888888889,48153.33,51971.384000000005
2022-01-05,2022,1,5,45858.5,47066.5,42505.0,43410.0,4070.4828775901,36190,46452.5,47500.0,45548.7,45858.5,2219.89025735,22817.0,-0.017942462347678267,-0.0014127381893405122,-0.0034829865296809315,-0.01278938100343141,0.04066700063419759,-0.0465504993523046,46971.18571428572,47937.55714285715,45955.28571428572,46731.57142857143,2174.1065155757287,23137.428571428572,-0.009727574565489608,-0.012755241356374847,-0.013784043065906462,-0.011981616505295833,0.16660436687970842,0.05768164016905671,47261.833333333336,48002.189999999995,51616.238
2022-01-06,2022,1,6,43432.5,43748.0,42424.0,43124.4,4794.7013253702,39424,45858.5,47066.5,42505.0,43410.0,4070.4828775901,36190.0,-0.01278725579893436,-0.009126315789473649,-0.06682298287327626,-0.05339250084499059,0.8336414893091382,0.5860980847613622,46729.57142857143,47786.528571428564,45438.857142857145,46293.971428571436,2420.3804409171717,24591.14285714286,-0.011981712535599305,-0.009071125306801335,-0.005297326227608907,-0.004960881768382703,0.0065191717172075215,-0.0351262191182926,46453.23333333333,47791.14,51281.694
2022-01-07,2022,1,7,43124.5,43134.9,40666.0,41523.6,5771.2923085602,37588,43432.5,43748.0,42424.0,43124.4,4794.7013253702,39424.0,-0.052901861159872166,-0.07050662360702409,-0.0019056581578638099,-0.006579129232895609,0.17791954162668477,0.08936170212765959,46296.42857142857,47192.32857142858,44937.985714285714,45719.771428571425,2829.8114699172,27067.428571428572,-0.004965201077599631,-0.0031330433308750833,-0.011263393647470294,-0.009358870239689192,0.17327478447869038,0.08593388680068684,45961.711111111115,47638.945,50936.825999999994
2022-01-08,2022,1,8,41523.7,42302.4,40555.0,41693.2,2564.73685397,24823,43124.5,43134.9,40666.0,41523.6,5771.2923085602,37588.0,-0.007091463765613315,-0.014014354941940144,-0.04143880822176127,-0.03712051645935954,0.20368129668944435,-0.04657061688311692,45722.24285714286,46412.799999999996,44243.08571428572,45058.857142857145,3209.564983067214,28346.714285714286,-0.009261968189673064,-0.012563322864889512,-0.010947413453692196,-0.012360148975655627,0.22413216085399204,0.12024868058836675,45411.75555555555,47371.909999999996,50628.864
2022-01-09,2022,1,9,41693.2,42786.7,41249.7,41862.9,2006.61458019,16220,41523.7,42302.4,40555.0,41693.2,2564.73685397,24823.0,-0.03712043038180157,-0.019299917236390907,-0.002729552943490865,0.004084424279205079,-0.5556044094030924,-0.33960306480791747,45061.34285714286,45609.91428571429,43443.8,44195.271428571425,3271.1435234943574,29165.285714285714,-0.012363572081238046,-0.01660561906829591,-0.01562373870665057,-0.014651624976004569,0.16550620057870855,0.07128182469398628,44806.13333333333,47122.15,50300.736000000004
2022-01-10,2022,1,10,41867.1,42239.6,39659.9,41855.3,4131.2822819702,29925,41693.2,42786.7,41249.7,41862.9,2006.61458019,16220.0,0.004082006179603415,0.011448523015242573,0.017129823696214963,0.004070208091487393,-0.2176138549715434,-0.3465737420940257,44198.014285714286,44872.24285714285,42665.18571428571,43417.885714285716,3365.8371403272145,28713.285714285714,-0.014655035784792991,-0.017395919856273995,-0.017958062895732256,-0.018984712174626113,0.1310758644576001,0.07036452869364151,44329.788888888885,46870.39,49943.11
2022-01-11,2022,1,11,41855.2,43127.5,41315.5,42728.8,3316.84906075,27218,41867.1,42239.6,39659.9,41855.3,4131.2822819702,29925.0,0.004170943942897187,-0.012786683712462055,-0.03854088635796127,-0.00018154499568823201,1.0588319863493774,0.844944512946979,43421.71428571428,44111.15714285715,41801.18571428571,42761.12857142858,3651.285783571529,29569.571428571428,-0.01898289653331891,-0.01584328829427831,-0.01721346805412779,-0.017105404081083204,0.15287635273174116,0.018676681555937855,43676.12222222223,46516.86,49607.292
2022-01-12,2022,1,12,42728.8,44348.5,42480.0,43927.8,2847.97173242,25374,41855.2,43127.5,41315.5,42728.8,3316.84906075,27218.0,-0.00028423272689059864,0.021020558906807763,0.04174493632106979,0.020869519511268475,-0.19713811974905726,-0.09045948203842946,42764.957142857136,43486.514285714286,41196.44285714285,42314.02857142857,3807.994184057243,30198.285714285714,-0.017084360475914155,-0.016528301494484112,-0.019684435912545633,-0.014558348595096129,0.22021757860488664,0.1058723395283764,43167.7,46222.055,49335.958000000006
2022-01-13,2022,1,13,43927.8,44420.1,42352.0,42550.0,2960.06741848,25407,42728.8,44348.5,42480.0,43927.8,2847.97173242,25374.0,0.020871958561899273,0.028311402237551464,0.0281855477968318,0.028060699106925435,-0.14136227478014274,-0.06774928356234844,42317.857142857145,43098.22857142857,41192.87142857142,42388.0,3633.3497347472285,28653.14285714286,-0.014561756244373059,-0.01332354476646293,-0.013223304076724103,-0.009749934235853288,0.18624541855013593,0.09959962771607285,42887.166666666664,45877.505000000005,49063.085999999996
2022-01-14,2022,1,14,42550.0,43473.1,41800.0,43090.0,2711.96112072,24161,43927.8,44420.1,42352.0,42550.0,2960.06741848,25407.0,0.028060699106925435,0.001614485270076793,-0.003013182674199588,-0.03136510364734868,0.039359830992686584,0.0013005438637976319,42388.614285714284,43194.24285714286,41182.58571428571,42305.94285714285,3371.259176620057,26650.714285714286,-0.009753297049968255,-0.00797529933403077,0.00034934316186276327,0.0018862371858489998,0.04695916653738154,0.0061928608126856155,42519.555555555555,45463.29,48770.02
2022-01-15,2022,1,15,43090.0,43791.6,42600.0,43111.5,975.55181847,17155,42550.0,43473.1,41800.0,43090.0,2711.96112072,24161.0,-0.03136510364734868,-0.021319177579519177,-0.013033622969399361,0.012690951821386687,-0.0838177861122511,-0.04904160270791513,42306.54285714286,43242.55714285715,41344.58571428571,42529.71428571428,2934.2118640714575,24732.571428571428,0.0018127829881456892,0.002327716219840784,0.00019112537381479492,-0.0016546163019300103,0.027164922161096085,-0.006387304653580379,42484.0,45095.990000000005,48453.168
2022-01-16,2022,1,16,43111.5,43463.8,42614.9,43114.5,1264.00992817,15131,43090.0,43791.6,42600.0,43111.5,975.55181847,17155.0,0.012690951821386687,0.007326369640076269,0.019138755980861344,0.0004989556741703538,-0.6402780957969633,-0.2899714415794048,42530.299999999996,43455.299999999996,41636.72857142857,42732.32857142857,2707.1854304285994,23637.14285714286,-0.00165487985210222,0.0012841701287580648,0.004249008981295067,0.005461307738176594,-0.013906375382003264,-0.006740302628551552,42482.566666666666,44711.7,48239.617999999995
2022-01-17,2022,1,17,43114.5,43200.6,41579.2,42248.1,1677.42017272,18590,43111.5,43463.8,42614.9,43114.5,1264.00992817,15131.0,0.0004989556741703538,-0.007485453831328259,0.0003497652582160615,6.958700114823024e-05,0.2956871221381159,-0.11798309530749052,42732.91428571428,43552.02857142857,41831.75714285714,42911.12857142858,2601.0990515686,23481.571428571428,0.005461031891210388,0.005087925396824804,0.0073730531133453835,0.004949097937457347,-0.026002616295413387,0.00034992926123597216,42659.333333333336,44333.05500000001,48006.21
2022-01-18,2022,1,18,42248.0,42667.0,41288.0,42383.0,1863.1982201899,19172,43114.5,43200.6,41579.2,42248.1,1677.42017272,18590.0,6.958700114823024e-05,-0.006055614097248863,-0.02430370598077214,-0.02009532755801413,0.327062497957215,0.2286035291785078,42911.114285714284,43689.31428571429,42105.94285714285,42967.24285714286,2250.547321675714,21862.285714285714,0.00494916753329138,0.0023830715616003995,0.004975901907916969,0.004377580638837467,0.047326094720252225,0.03300573594502671,42720.98888888889,44068.05500000001,47705.172
2022-01-19,2022,1,19,42371.3,42577.8,41159.0,41686.2,1920.1883634199,21971,42248.0,42667.0,41288.0,42383.0,1863.1982201899,19172.0,-0.020097646963318616,-0.012351680300736523,-0.007003501750875385,0.0031930430007502952,0.11075224352921298,0.031307154384077496,42967.22857142857,43623.52857142857,42102.014285714286,42917.84285714286,2042.8829158814144,20712.85714285714,0.004363259398755814,0.003344652935202284,0.007009784818943987,0.0015327545585051958,-0.05721240362148526,-0.05504297602189775,42778.77777777778,43863.545,47396.227999999996
2022-01-20,2022,1,20,41686.2,43497.4,40577.1,40686.9,3095.76886468,27631,42371.3,42577.8,41159.0,41686.2,1920.1883634199,21971.0,0.0029184813482294736,-0.002090608667119742,-0.003124394497190486,-0.016440553995705876,0.030587267963465337,0.1459941581472981,42916.15714285715,43370.57142857143,41913.299999999996,42597.614285714284,1910.3424345956857,20226.714285714286,0.001532771650694669,-0.0014228098087326138,4.5722237237533214e-05,-0.00099245637156883,-0.013228066010303796,-0.0376477422472539,42759.98888888888,43590.665,47090.337999999996
2022-01-21,2022,1,21,40686.9,41115.7,35409.7,36468.4,8876.9983110408,59629,41686.2,43497.4,40577.1,40686.9,3095.76886468,27631.0,-0.016168963425715166,0.021598109813095068,-0.014137855633032936,-0.02397196194424045,0.61222144850746,0.2576123071321288,42595.92857142857,43238.75714285715,41659.74285714286,42331.45714285714,1929.7283554814,20544.428571428572,-0.0010320108084010166,-0.005765954223685643,-0.004427126661908508,-0.007349778243373303,0.011336154381640215,-0.007112964860161537,42533.11111111111,43317.51,46759.31800000001
2022-01-22,2022,1,22,36446.2,36814.5,34007.7,35067.6,5382.9173299101,44525,40686.9,41115.7,35409.7,36468.4,8876.9983110408,59629.0,-0.02397196194424045,-0.05475499685038654,-0.12734769118542233,-0.10368202050291375,1.8674615900171174,1.158047120987297,42329.77142857143,42901.985714285714,40746.84285714286,41385.51428571429,2810.447954098657,25611.285714285714,-0.007350534027349674,-0.002911150717540175,-0.006016365656027557,-0.00629361514292927,0.09317352831232213,0.029503001321028628,41704.28888888889,42754.015,46358.157999999996
2022-01-23,2022,1,23,35070.8,36500.0,34613.3,36277.5,2385.56399264,22291,36446.2,36814.5,34007.7,35067.6,5382.9173299101,44525.0,-0.10422765066888862,-0.10461210681078026,-0.039593670660864166,-0.038411336938280916,-0.3936106393965315,-0.2532995690016603,41380.65714285714,41905.25714285714,39519.37142857142,40236.385714285716,3440.0715985901,29521.285714285714,-0.006294370926905641,-0.007687696327664084,-0.022346946829745123,-0.02291832547497219,0.3719277249022319,0.20194424756320178,40872.91111111111,42142.165,45985.93800000001
2022-01-24,2022,1,24,36270.1,37500.0,32940.1,36699.5,7639.6550965202,48013,35070.8,36500.0,34613.3,36277.5,2385.56399264,22291.0,-0.037737816288117676,-0.008542829591601131,0.017807731778391567,0.034501933408616514,-0.5568269311169523,-0.4993599101628299,40231.985714285714,40910.42857142857,38376.28571428572,39259.67142857143,3600.2936078001003,30544.14285714286,-0.0229970284255164,-0.023678907249215016,-0.030737293492848768,-0.02847693870532237,0.4071659329594364,0.2071830865028796,40115.96666666667,41633.41,45726.386000000006
2022-01-25,2022,1,25,36699.5,37552.8,35685.3,36987.8,3186.96357197,26079,36270.1,37500.0,32940.1,36699.5,7639.6550965202,48013.0,0.034196539571381246,0.027397260273972712,-0.0483398000190679,0.011632554613741242,2.202452384463485,1.1539186218653268,39254.21428571428,40096.05714285715,37142.12857142857,38467.014285714286,4452.041454057272,34747.42857142857,-0.028459424420128974,-0.023829960929253997,-0.02824329827568084,-0.023558032075684045,0.2853782110658553,0.1527006843806882,39403.52222222222,41175.46000000001,45471.51
2022-01-26,2022,1,26,36994.6,38899.9,36251.2,36827.6,5526.1969408302,39968,36699.5,37552.8,35685.3,36987.8,3186.96357197,26079.0,0.011838952746201503,0.0014080000000000759,0.08333915197585928,0.007855692856850949,-0.5828393387259543,-0.45683460729385794,38461.57142857143,39365.45714285714,36341.74285714286,37696.27142857143,4641.1507900258575,35734.142857142855,-0.02358414548152426,-0.019050978876222344,-0.031677025995437376,-0.019025477479718993,0.5532910519953225,0.2848885547645195,38722.77777777778,40854.35,45199.98
2022-01-27,2022,1,27,36827.7,37242.5,35548.5,37200.5,4276.4801738801,29424,36994.6,38899.9,36251.2,36827.6,5526.1969408302,39968.0,0.00804098148476129,0.03587215866726301,0.01585807040994447,-0.004331157841234279,0.7340006611416079,0.5325741017677059,37693.47142857143,38840.04285714286,35640.62857142857,37002.18571428571,5156.294872513043,38305.142857142855,-0.019021774094449957,-0.017085310261831403,-0.018770932605903852,-0.018359384643133185,0.4542065402445843,0.21515401738195727,38120.5,40539.51,44923.53
2022-01-28,2022,1,28,37168.0,37999.9,36172.3,37737.9,2662.80699128,24788,36827.7,37242.5,35548.5,37200.5,4276.4801738801,29424.0,-0.004511469241456956,-0.04260679333365902,-0.019384185902811435,0.01012555800540893,-0.2261440879380523,-0.26381104883907125,36999.4,37946.485714285714,34922.25714285714,36504.12857142857,5324.967916684485,38561.28571428572,-0.018289988360659697,-0.011662057785491009,-0.016059151904884574,-0.0166294709067801,0.5546941678414619,0.2703797236134441,37544.666666666664,40323.355,44657.238
2022-01-29,2022,1,29,37735.7,38719.5,37275.7,38164.9,1737.65164383,20283,37168.0,37999.9,36172.3,37737.9,2662.80699128,24788.0,0.009240327253670522,0.02033698060012079,0.017547857152903967,0.01444604239190328,-0.3773367622410828,-0.1575584556824361,36496.7,37501.37142857142,35031.200000000004,36685.485714285714,4437.2262995758,33584.0,-0.016624632048622807,-0.02083418680645588,-0.016808627657710073,-0.011758396628258758,0.43492766263496,0.19589067276041552,37105.96666666667,40125.590000000004,44460.364
2022-01-30,2022,1,30,38188.3,38358.0,37389.0,37930.1,1037.63136699,14478,37735.7,38719.5,37275.7,38164.9,1737.65164383,20283.0,0.015273891519586691,0.018936891939189238,0.030504004445390365,0.011314885035998312,-0.34743612679388447,-0.18174116507987736,36680.91428571429,37773.514285714286,35498.05714285714,37127.95714285714,3916.474058707214,30120.85714285714,-0.011880019306064098,-0.010106761456383404,0.0038907363906222547,0.0051170409281436745,0.11424218374093144,0.007947018950453688,36825.74444444445,39940.689999999995,44279.295999999995
2022-01-31,2022,1,31,37914.0,38786.0,36667.5,38512.1,2521.02829205,23645,38188.3,38358.0,37389.0,37930.1,1037.63136699,14478.0,0.011993947376092384,-0.009336380893348317,0.003039513677811634,-0.006152249842132473,-0.4028542080488977,-0.2862002662328058,37126.271428571425,38038.94285714285,35894.58571428571,37364.04285714286,3723.9122550429283,29004.714285714286,0.0051916295780038025,0.007543095507897953,0.013904689977230045,0.012220786924469278,0.12083854268416673,0.018169648082136964,36988.15555555555,39744.43000000001,44050.554000000004
2022-02-01,2022,2,1,38512.0,39290.0,38050.0,38719.9,3336.0134691301,27161,37914.0,38786.0,36667.5,38512.1,2521.02829205,23645.0,-0.00718282824844263,0.0111580374367799,-0.019297119473641988,0.015344014384354399,1.4295991546237592,0.6331675645807433,37361.114285714284,38222.65714285714,36427.07142857143,37622.985714285714,2992.679854404329,25523.571428571428,0.012296167244319525,0.007429731036219784,0.011794944534290055,0.006413046460076566,0.14283464597960308,0.04862102578642612,37370.87777777778,39533.595,43818.532
2022-02-02,2022,2,2,38721.4,38878.8,36600.0,36903.3,2725.79712871,24591,38512.0,39290.0,38050.0,38719.9,3336.0134691301,27161.0,0.015772537848815826,0.012994379415252943,0.03770368855253281,0.00539570680383572,0.3232749032012594,0.14869951363924727,37620.04285714286,38470.82857142857,36764.885714285716,37870.42857142857,3013.972696855771,25678.14285714286,0.006384828984344686,0.005109842059477954,0.015943898897922328,0.006943254998735588,0.032427041716785086,-0.02577198239708581,37642.25555555555,39273.2,43658.28599999999
2022-02-03,2022,2,3,36921.5,37389.0,36269.8,37324.4,1721.53526412,20871,38721.4,38878.8,36600.0,36903.3,2725.79712871,24591.0,0.0054372663066057925,-0.010465767370832157,-0.03810775295663604,-0.04691644348255031,-0.18291782873982831,-0.09462096388203678,37866.728571428575,38467.81428571429,36814.71428571428,37881.24285714286,2613.9155808386,23481.428571428572,0.00694676971328959,0.006765039118799792,0.00942454698030426,0.006591828419733413,0.16187193342067277,0.06073289202192922,37664.899999999994,38990.865000000005,43428.36800000001
2022-02-04,2022,2,4,37324.3,41774.0,37073.9,41585.5,4269.98627591,33485,36921.5,37389.0,36269.8,37324.4,1721.53526412,20871.0,-0.04648333996188159,-0.0383190839223434,-0.00902185792349719,0.01141090363192454,-0.3684286897261767,-0.15127485665487372,37880.12857142858,38488.74285714286,36917.75714285714,37898.942857142865,2248.9234508728714,22259.571428571428,0.006574810402124519,0.00014533539907191084,0.00171514364222133,0.0005082161852596943,0.03088357772332473,-0.028866403070891167,37702.3,38702.58500000001,43197.23
2022-02-05,2022,2,5,41597.2,41926.4,40883.7,41419.0,2211.15688361,24916,37324.3,41774.0,37073.9,41585.5,4269.98627591,33485.0,0.010909632598892216,0.11728048356468479,0.022169959580697896,0.11416392493918193,1.4803362236629498,0.6043792822576781,37902.45714285714,39027.9,37046.55714285715,38448.6,2478.5204915342997,23502.0,0.0005788288706352855,0.0007578653149741424,0.0031954762106947937,0.0006918369890476386,0.010557206039306957,-0.012789804187434377,38230.955555555556,38626.284999999996,43076.32
2022-02-06,2022,2,6,41419.0,42694.5,41141.9,42419.5,1818.07180806,22192,41597.2,41926.4,40883.7,41419.0,2211.15688361,24916.0,0.11448037873449723,0.0036482022310528883,0.10276232066224478,-0.004003799401233632,-0.48216299989424005,-0.25590562938629235,38454.1,39486.02857142857,37561.985714285714,38913.47142857143,2546.1640972171567,24163.85714285714,0.0008173010628098133,0.014606937167054714,0.0038557765575224978,0.014937248781516017,0.27593906116845446,0.09605844408972479,38699.677777777775,38541.509999999995,42981.334
2022-02-07,2022,2,7,42426.1,44528.6,41697.4,43867.2,4604.6818396703,39555,41419.0,42694.5,41141.9,42419.5,1818.07180806,22192.0,-0.004283942188416434,0.01832019920622807,0.006315475360596068,0.024155580772109442,-0.1777734897345853,-0.1093273398619361,38915.62857142858,40105.52857142857,38098.114285714284,39554.81428571429,2657.6555887985855,25265.85714285714,0.014989656379225605,0.01242283863732095,0.014178393159930271,0.012748865290482882,0.2566923650112608,0.0854635206173798,39219.85555555556,38550.08,42892.43800000001
2022-02-08,2022,2,8,43873.1,45500.0,42709.6,44079.1,3432.44974988,35663,42426.1,44528.6,41697.4,43867.2,4604.6818396703,39555.0,0.024314927931625485,0.042958694913864726,0.013502050221307238,0.034128172184962,1.5327282559778501,0.7823990627253063,39560.21428571428,40925.9,38816.67142857143,40319.82857142857,2955.320381315771,27538.714285714286,0.012664243584295774,0.01637377865154615,0.014646387686042333,0.017078555378231726,0.28884675334187687,0.11073108152750404,39853.444444444445,38624.28999999999,42836.013999999996
2022-02-09,2022,2,9,44083.1,44831.0,43187.2,44420.0,3210.42939961,27148,43873.1,45500.0,42709.6,44079.1,3432.44974988,35663.0,0.03410636377135767,0.021815192932183036,0.02427489483756773,0.004830488383120057,-0.2545739598534853,-0.09839464037416257,40326.08571428571,41813.04285714286,39482.32857142857,41085.42857142857,2969.0969928514714,28753.285714285714,0.017163923038591218,0.020916729719701124,0.019331983356749367,0.01976200649260424,0.30357948210674696,0.13204986697672733,40536.666666666664,38743.935,42779.634000000005
2022-02-10,2022,2,10,44420.1,45900.0,43228.0,43537.5,5478.5708455002,39399,44083.1,44831.0,43187.2,44420.0,3210.42939961,27148.0,0.004786532066345828,-0.014703296703296731,0.01118249761177803,0.007733823966460385,-0.06468276783302129,-0.23876286347194575,41092.04285714286,42663.357142857145,40423.357142857145,42159.24285714286,3038.330174408614,29118.571428571428,0.019783041027525768,0.022176845936405423,0.017413584254611498,0.019681261003930577,0.22102964452749774,0.09675070211766879,41193.1,38930.590000000004,42689.516
2022-02-11,2022,2,11,43537.5,43944.9,42000.0,42400.2,3361.3901286201,32725,44420.1,45900.0,43228.0,43537.5,5478.5708455002,39399.0,0.007644652939561958,0.02384510718029942,0.000944724362774263,-0.019867176947320986,0.7064916132918955,0.45126712833357896,42163.27142857143,43879.21428571428,41417.385714285716,43046.82857142857,3575.049543177214,31765.428571428572,0.019690078993202915,0.021571484603196196,0.02445504862152779,0.02748844206807496,0.23792036751418447,0.07615900217625322,41728.38888888889,39284.045,42587.768
2022-02-12,2022,2,12,42400.1,43038.2,41760.6,42241.0,1939.69954808,22706,43537.5,43944.9,42000.0,42400.2,3361.3901286201,32725.0,-0.01986938345478728,-0.04259477124183009,-0.02840751364856109,-0.026122308354866508,-0.3864476296074618,-0.16939516231376428,43050.87142857142,44189.34285714286,42121.114285714284,43163.21428571428,3445.2500935643716,31656.85714285714,0.02742264940769485,0.03045208333214517,0.025878846090995142,0.023020144842468455,0.3914804108024805,0.16223642860317503,42339.15555555555,39650.675,42419.39599999999
2022-02-13,2022,2,13,42241.1,42768.5,41893.1,42062.6,1124.71740372,17169,42400.1,43038.2,41760.6,42241.0,1939.69954808,22706.0,-0.026124605225380404,-0.020632655894085694,-0.005700000000000038,-0.003754699270286377,-0.4229472111657937,-0.30615737203972493,43165.57142857143,44348.17142857142,42246.385714285716,43280.642857142855,3406.470474202943,31341.14285714286,0.023025647114312067,0.0076127612169287606,0.018653492772529572,0.0029792543718901087,0.1247970031924217,0.05169722223582612,42885.444444444445,39948.85,42247.53
2022-02-14,2022,2,14,42062.5,42852.0,41573.1,42563.5,1918.26713617,23017,42241.1,42768.5,41893.1,42062.6,1124.71740372,17169.0,-0.0037499911556811982,-0.0062665260164225245,0.003172847133422474,-0.004223384863047741,-0.42015895975575457,-0.2438562494494847,43283.014285714286,44358.74285714285,42353.7,43229.65714285714,3307.419845011514,30623.571428571428,0.002939220834329546,0.00414406719905182,0.0031588755350660286,0.0030148401048825735,0.13325640158219973,0.04451840185676432,42938.455555555556,40217.005,42080.062000000005
2022-02-15,2022,2,15,42563.4,44770.8,42469.6,44563.1,2190.91991458,24372,42062.5,42852.0,41573.1,42563.5,1918.26713617,23017.0,-0.004228109589949125,0.0019523714883618037,-0.00763848939324141,0.011908441228074329,0.7055547729814939,0.34061389714019463,43231.07142857143,44119.22857142857,42335.94285714285,43043.41428571428,2923.646315940043,28261.0,0.003015499553291723,0.0006316778815303062,0.0027099286454698008,-0.001039297842997024,0.09862990586488983,0.025299986201400233,43065.62222222222,40495.79,41915.386
2022-02-16,2022,2,16,44563.1,44580.2,43236.5,43873.1,1752.90643025,21680,42563.4,44770.8,42469.6,44563.1,2190.91991458,24372.0,0.011908469539375854,0.04477737328479425,0.02156442507294387,0.04697921928412829,0.14213493692769852,0.05886953121605765,43043.97142857143,44015.05714285715,42301.65714285714,43112.55714285715,2746.2849108971855,26648.0,-0.00106207723550465,-0.005226368322112969,-0.000310148442322863,-0.004213545122552406,-0.019537734563161054,-0.03781218031075858,43303.8,40882.564999999995,41792.9
2022-02-17,2022,2,17,43873.0,44179.4,40100.0,40543.9,3689.5140296301,32123,44563.1,44580.2,43236.5,43873.1,1752.90643025,21680.0,0.046981679095184914,-0.00425723909333775,0.018057622393429673,-0.01548366249206179,-0.19992217945308466,-0.11045462005580176,43112.54285714286,43979.22857142857,42308.700000000004,43034.42857142857,2538.067343845757,25866.85714285714,-0.004233204982930624,-0.0019460568431685088,-0.0006973584086976998,0.0018077021490201992,0.037134964977008064,-0.015345870083584266,43304.455555555556,41216.19499999999,41719.4
2022-02-18,2022,2,18,40547.4,40957.3,39455.6,40007.4,2828.69293901,27450,43873.0,44179.4,40100.0,40543.9,3689.5140296301,32123.0,-0.015485906501118585,-0.008990538400455717,-0.07254287465451648,-0.07588248835847011,1.1047980462390683,0.4816881918819189,43034.385714285716,43733.42857142857,41861.84285714286,42606.77142857143,2282.4877987214572,24827.428571428572,0.0017946731640463881,-0.0004537628988886544,0.000284802274395392,-0.0015090816307686827,0.017815049031284724,0.0029838789758648765,42911.65555555556,41356.495,41600.814000000006
2022-02-19,2022,2,19,40007.4,40450.0,39669.9,40095.8,882.82915067,16379,40547.4,40957.3,39455.6,40007.4,2828.69293901,27450.0,-0.0758006062954436,-0.0729321810617618,-0.016069825436409002,-0.013232570127688748,-0.23331557590157848,-0.145472091647729,42607.22857142857,43306.62857142857,41498.357142857145,42264.94285714285,2206.3882002057285,24073.85714285714,-0.0015096924703365464,-0.005144569410425103,-0.010213426156646142,-0.009511268975218558,0.07471596802373799,0.007329745197056299,42421.36666666667,41448.62,41458.086
2022-02-20,2022,2,20,40094.3,40135.1,38000.0,38400.0,2787.8729318601,25930,40007.4,40450.0,39669.9,40095.8,882.82915067,16379.0,-0.013317746637268923,-0.012386070370849711,0.0054314216486379685,0.002209591225623253,-0.6879020912821393,-0.40331511839708556,42265.41428571429,42936.885714285716,41199.68571428571,41958.485714285714,2055.4067148614427,23170.0,-0.009499867161858879,-0.009478485098986775,-0.008450899269195844,-0.00766987779990745,0.09659197569600704,0.010747326720775623,42038.955555555556,41556.905000000006,41337.002
2022-02-21,2022,2,21,38400.1,39490.9,36782.6,37019.2,4647.6322586103,39840,40094.3,40135.1,38000.0,38400.0,2787.8729318601,25930.0,0.0021720981618400526,-0.007784919653893718,-0.04209488806374606,-0.04229370657275833,2.157884999316478,0.5831247328896758,41958.72857142857,42560.68571428571,40643.52857142857,41435.25714285714,2293.0003617386,24421.571428571428,-0.00767031593498581,-0.008300401452810207,-0.006860696176533272,-0.0068178363004917876,0.05874127853652909,-0.0031323513302758954,41594.48888888889,41551.3,41150.236000000004
2022-02-22,2022,2,22,37024.2,38418.6,36366.0,38256.3,3384.2140744401,28852,38400.1,39490.9,36782.6,37019.2,4647.6322586103,39840.0,-0.04225538293473152,-0.01605078846196961,-0.03203684210526314,-0.035958333333333425,0.6670889858345688,0.5364442730428076,41435.52857142857,42080.52857142857,39959.17142857143,40643.21428571428,2682.909664944357,26824.85714285714,-0.006824303175339917,-0.008517314829591806,-0.01332751549041449,-0.0122564536875933,0.4270332726897052,0.11500778900388989,41014.288888888885,41466.265,40944.528
2022-02-23,2022,2,23,38256.3,39250.0,37086.6,37250.1,3233.9728646601,27032,37024.2,38418.6,36366.0,38256.3,3384.2140744401,28852.0,-0.03583063585771917,-0.027153090965260418,-0.011326007405675464,0.033417794009595214,-0.27184125461509245,-0.27580321285140563,40644.21428571428,41173.07142857143,39087.22857142857,39742.24285714286,2853.380259210085,27464.85714285714,-0.012256770796023117,-0.011089194822496293,-0.016812994449274737,-0.01909456433922298,0.4215381602401445,0.14298355698997747,40591.36666666667,41533.915,40780.602
2022-02-24,2022,2,24,37250.1,39739.9,34333.2,38340.8,10301.1268263705,63703,38256.3,39250.0,37086.6,37250.1,3233.9728646601,27032.0,0.033278234235986304,0.021640559520648806,0.019815212011219163,-0.026301550332886503,-0.044394712176964224,-0.06308054900873428,39743.24285714286,40411.614285714284,38208.67142857143,38796.1,3064.961178411528,28229.428571428572,-0.01907664299560812,-0.02136497542964696,-0.021511627660506072,-0.02103191080701342,0.36239870430546,0.09517316498033986,40000.98888888889,41530.2,40608.434
2022-02-25,2022,2,25,38343.6,39700.0,38032.3,39233.5,3274.94243275,29255,37250.1,39739.9,34333.2,38340.8,10301.1268263705,63703.0,-0.026301550332886503,0.012481528662420471,-0.07424244875507602,0.029280458307494595,2.1852854855209736,1.3565773897602842,38797.114285714284,39777.4,37384.84285714286,38481.37142857142,4009.4772922315856,32740.85714285714,-0.021034277975493638,-0.017665289913363167,-0.021260543429393288,-0.022577323355702665,0.3846169139163344,0.1019408894156352,39309.62222222222,41367.965000000004,40507.05
2022-02-26,2022,2,26,39233.5,40277.9,38601.4,39120.2,2105.17169396,21106,38343.6,39700.0,38032.3,39233.5,3274.94243275,29255.0,0.029355625890937098,-0.001004028696599657,0.10774119511143754,0.02328329090681458,-0.6820792047364888,-0.5407594618777766,38482.28571428572,39597.78571428572,37181.514285714286,38370.81428571429,4073.227219908729,32998.71428571428,-0.022579369951460482,-0.014597851761523712,-0.02150333972947322,-0.007554045260564849,0.5389722623851779,0.22692506054111597,38794.11111111111,41258.69,40429.231999999996
2022-02-27,2022,2,27,39120.2,39888.0,37029.8,37709.1,3515.96748312,31694,39233.5,40277.9,38601.4,39120.2,2105.17169396,21106.0,0.02320856674907934,0.014556675062972424,0.014963596732251228,-0.002887838199498005,-0.35718818355159065,-0.2785506750982738,38371.72857142857,39573.200000000004,37028.87142857143,38231.44285714285,4247.847583235872,33674.0,-0.00755705106769181,-0.004322401423643406,-0.0038160510797808594,-0.0023374936842072308,0.47486317255161925,0.17045543622253773,38635.92222222222,41093.725,40381.164
2022-02-28,2022,2,28,37709.2,44194.2,37447.6,43194.7,7314.1134570504,50910,39120.2,39888.0,37029.8,37709.1,3515.96748312,31694.0,-0.002887838199498005,-0.009680246487527966,-0.040713549249509096,-0.03607087898323624,0.6701571150741523,0.5016582962190845,38232.57142857143,39537.9,36890.271428571425,38132.74285714286,4351.861090558714,34497.42857142857,-0.0023390062982134863,-0.00047343779024024347,-0.0024543117821218224,-0.0030656978877959817,0.5221080165131262,0.188278928122368,38380.555555555555,40785.82,40301.482
2022-03-01,2022,3,1,43188.4,44955.9,42841.4,44427.9,7671.6974940207,68738,37709.2,44194.2,37447.6,43194.7,7314.1134570504,50910.0,-0.03606832275908611,0.10795728038507812,0.011282804660030399,0.1454715174851693,1.0802562856923807,0.6062977219663028,38133.87142857142,40209.799999999996,36985.271428571425,39014.95714285714,4732.786976050157,36078.857142857145,-0.003061854349833209,-0.0007441987664737074,-0.002256977665802256,-0.0021767225178642552,0.30957546162136546,0.17664086574085497,38724.87777777777,40741.6,40328.117999999995
2022-03-02,2022,3,2,44428.0,45349.0,43357.1,43922.5,5010.4856850803,39885,43188.4,44955.9,42841.4,44427.9,7671.6974940207,68738.0,0.14530141185705348,0.01723529331903295,0.14403593287687344,0.028549798933665604,0.04888959394328363,0.35018660381064626,39014.47142857143,41143.700000000004,37910.32857142857,39896.614285714284,5345.284607418815,41776.857142857145,-0.002177988610455293,0.0169712396402474,0.00393154330066825,0.023741827599064704,0.3685993616010529,0.18661992987278284,39394.64444444444,40741.995,40379.57
2022-03-03,2022,3,3,43922.2,44085.4,41822.8,42465.0,4384.6066448001,37406,44428.0,45349.0,43357.1,43922.5,5010.4856850803,39885.0,0.028702151503644524,0.008744124797857467,0.012037421746254662,-0.011375734617211308,-0.34688695833152194,-0.41975326602461516,39896.142857142855,42014.985714285714,38806.11428571429,40849.81428571429,5599.0721531931285,43613.0,0.0236980182059408,0.023312437395146452,0.026126106198175236,0.02304639973107476,0.4144180542522494,0.27604704653879025,40161.67777777778,40761.244999999995,40403.444
2022-03-04,2022,3,4,42465.0,42499.9,38586.3,39137.5,7393.5300672404,49983,43922.2,44085.4,41822.8,42465.0,4384.6066448001,37406.0,-0.011384712343567194,-0.027863899975743678,-0.03538751438634036,-0.03318344811884566,-0.12491384660450722,-0.06215369186410935,40849.299999999996,42635.771428571425,39876.05714285715,41438.985714285714,4753.854984397358,39856.28571428572,0.023044292101320547,0.02147008957760483,0.025014993303180307,0.02517865911902836,0.3712048762301698,0.22509380125080727,40629.31111111111,40764.485,40374.188
2022-03-05,2022,3,5,39137.4,39624.6,38618.6,39396.4,1543.22449458,20171,42465.0,42499.9,38586.3,39137.5,7393.5300672404,49983.0,-0.03317684451143155,-0.03596428749654079,-0.07738601910919407,-0.07835864829859884,0.6862470607274922,0.3362294819012992,41438.07142857143,43035.75714285714,39955.200000000004,41425.27142857143,5342.2246464674145,42817.42857142857,0.02517526895693759,0.015706456915009954,0.030565698212999686,0.016255243915265467,0.041176400212244016,0.022417932447322486,40839.02222222222,40609.31,40305.938
2022-03-06,2022,3,6,39396.3,39678.9,38114.2,38416.3,2535.0649777901,24668,39137.4,39624.6,38618.6,39396.4,1543.22449458,20171.0,-0.07836100317908867,-0.0676542768335926,0.0008370846647642871,0.006615138933248277,-0.7912736567586582,-0.5964427905487866,41424.34285714286,42942.42857142857,39957.65714285714,41464.72857142857,5261.946475127414,42683.857142857145,0.016242058899456353,0.010712134229304076,0.004118953324338029,0.0017349668859206904,0.23665158099281272,0.14770206727290475,40956.31111111111,40476.0,40232.066
2022-03-07,2022,3,7,38420.4,39545.0,37159.4,38024.0,4162.0063499903,37775,39396.3,39678.9,38114.2,38416.3,2535.0649777901,24668.0,0.006615155835594688,0.0013703608364501463,-0.013061063839704179,-0.024877907626077445,0.6427065450902116,0.2229438302513509,41463.78571428572,42912.55714285715,40112.57142857143,41565.75714285714,5121.817545794572,41680.142857142855,0.0017321203382894953,-0.0010322874702052129,0.002100880171839895,0.003092535047741588,0.17463937053466025,0.10228890792283149,40865.51111111112,40268.64,40138.162000000004
2022-03-08,2022,3,8,38009.8,39373.0,37888.0,38752.6,3726.9517072802,36365,38420.4,39545.0,37159.4,38024.0,4162.0063499903,37775.0,-0.024771361777628953,-0.00337458951735059,-0.02505103084939464,-0.010211811132253779,0.6417750181766382,0.5313361439922166,41565.385714285716,42248.385714285716,40071.4,40827.08571428572,4671.516530500272,39803.71428571428,0.0030896909147313085,0.0005463707189345175,0.006051235230383455,0.0046915309559071305,0.1707178605369544,0.06247255564172668,40743.711111111115,39941.685000000005,40036.352
2022-03-09,2022,3,9,38752.6,42590.6,38682.0,41965.3,5254.0126409205,48398,38009.8,39373.0,37888.0,38752.6,3726.9517072802,36365.0,-0.010687030848195223,-0.004349475281325121,0.01960742100249191,0.019161582158636614,-0.10453002857891214,-0.037326273990734626,40825.58571428572,41450.82857142857,39363.77142857143,40016.32857142857,4107.981418108772,35179.0,0.004703542483510903,-0.015358182124269584,0.0008606873004655917,-0.017548944560867592,0.10807767946327689,0.0517637587882858,40859.65555555556,39685.66,39966.441999999995
2022-03-10,2022,3,10,41959.0,42041.8,38576.0,39435.8,4643.7124333202,40582,38752.6,42590.6,38682.0,41965.3,5254.0126409205,48398.0,0.019542328557371924,0.08172097630355823,0.02095650337837829,0.08290282458467324,0.4097345642170116,0.33089509143407114,40014.81428571429,41056.771428571425,38695.9,39736.72857142857,4142.7709832288,36395.142857142855,-0.017580520760096054,-0.018441720495749308,-0.01691481439587463,-0.018890118385871735,0.08616059053153464,-0.0035952237547686172,40723.055555555555,39756.73,39958.087999999996
2022-03-11,2022,3,11,39435.8,40222.4,38251.5,38732.1,3504.6779068501,29060,41959.0,42041.8,38576.0,39435.8,4643.7124333202,40582.0,0.08274025484741676,-0.012885472381229612,-0.002740292642572806,-0.06027598992500949,-0.1161588769023929,-0.16149427662300098,39734.357142857145,40764.82857142857,38232.07142857143,39303.985714285714,4179.786095874529,36848.857142857145,-0.018889066895277855,-0.008016455994934914,-0.015640659876999825,-0.005421752785602514,0.19424937946703943,0.10364025588218657,40168.37777777778,39728.15,39913.08
2022-03-12,2022,3,12,38727.7,39499.8,38699.0,38785.0,1553.27093634,15144,39435.8,40222.4,38251.5,38732.1,3504.6779068501,29060.0,-0.060134893586596405,-0.04327597771741465,-0.00841196598921612,-0.017844192332855058,-0.24528532781167578,-0.28391897885762163,39301.614285714284,40439.47142857143,38184.24285714286,39246.07142857143,3624.235787247343,33859.857142857145,-0.0054426430108515745,-0.005876680624290047,-0.0109767710564616,-0.009292115900768774,0.19550008942448432,0.08944874377377347,39591.666666666664,39659.965,39873.984000000004
2022-03-13,2022,3,13,38785.0,39300.0,37593.9,37788.4,2300.05265452,16962,38727.7,39499.8,38699.0,38785.0,1553.27093634,15144.0,-0.017955766080566482,-0.017965113966347035,0.011698887625321897,0.0013657921982026533,-0.5568006596828656,-0.4788713007570544,39243.08571428571,40421.642857142855,38195.72857142857,39158.72857142857,3625.670993213057,33141.71428571428,-0.009293792878732268,-0.006921207798700598,-0.0011233348964647513,-0.0006471936199482339,0.062424033918888906,0.0008561065224990751,39182.77777777778,39679.215,39920.316
2022-03-14,2022,3,14,37783.7,39899.8,37584.5,39689.2,3450.8307961801,25682,38785.0,39300.0,37593.9,37788.4,2300.05265452,16962.0,0.001479561140992125,-0.005058253459511275,-0.028556293444275016,-0.0256955008379528,0.48078007558659097,0.1200475435816164,39155.75714285715,40367.514285714286,38121.4,39069.02857142857,3592.0978041744715,32040.85714285714,-0.0006644732932290985,0.00017724403947733908,0.00042835124075776436,-0.001397100296383323,0.09592017635828785,0.017652033635603668,39032.87777777778,39717.675,39974.732
2022-03-15,2022,3,15,39689.2,39900.0,38170.0,39325.4,2579.94641366,22118,37783.7,39899.8,37584.5,39689.2,3450.8307961801,25682.0,-0.02581668170684548,0.015262086513994966,-0.0002500405650917026,0.05030115061764984,0.5003268683430453,0.5140903195377904,39064.799999999996,40418.200000000004,38182.12857142857,39306.91428571429,3490.5012964873,30313.285714285714,-0.0013981296781723218,-0.0007411294313742925,-0.001785252988466641,-0.001513899326651231,0.07278782357205633,0.0029525641113558837,39065.41111111111,39789.31999999999,40042.966
2022-03-16,2022,3,16,39321.7,41706.8,38807.5,41124.0,6599.0814876603,52075,39689.2,39900.0,38170.0,39325.4,2579.94641366,22118.0,0.050431799956065726,5.012556453909411e-06,0.015578230387526704,-0.009166221541376363,-0.252369482584926,-0.13877423876645123,39304.71428571428,40493.485714285714,38222.41428571428,39388.74285714286,3326.6433973987,28278.0,-0.0015474610966318256,0.0019212528588179298,0.0017577456235766359,0.007130809494763571,0.0525809450244002,0.0004888749035807065,39166.42222222222,39893.085,40095.484000000004
2022-03-17,2022,3,17,41129.9,41469.1,40549.1,40945.6,2322.33915065,26099,39321.7,41706.8,38807.5,41124.0,6599.0814876603,52075.0,-0.009259445894601037,0.04528320802005026,0.016701598113701754,0.04573634343198041,1.5578366483583732,1.3544172167465414,39386.014285714286,40367.22857142857,38240.34285714285,39268.55714285715,3518.7960897901,28803.285714285714,0.007183800446834024,0.00254332254992922,0.001182146964295892,0.0030839803947617173,0.03146102302354108,-0.014003691492950237,39510.86666666667,40032.244999999995,40178.208000000006
2022-03-18,2022,3,18,40941.1,42368.6,40179.1,41775.1,2583.79104383,30434,41129.9,41469.1,40549.1,40945.6,2322.33915065,26099.0,0.04598478702599329,-0.005699310424199466,0.044877923081878546,-0.004338099406672513,-0.6480814557309877,-0.49881901104176674,39267.57142857143,40285.41428571429,38522.21428571428,39484.24285714286,3187.171335122929,26734.285714285714,0.0030692612394093155,-0.0026620729191433484,0.0005743033550563873,-0.00222551691276583,0.19547560647230705,0.1322137549802598,39754.53333333333,40117.85,40260.568
2022-03-19,2022,3,19,41778.7,42379.6,41537.5,42218.0,1298.20726204,16785,40941.1,42368.6,40179.1,41775.1,2583.79104383,30434.0,-0.004590334525491291,0.0216908493311887,-0.009124740129867193,0.020258587003243234,0.11258127095985193,0.16609831794321628,39482.614285714284,40592.014285714286,38797.58571428571,39918.95714285714,3055.6160689772,26930.571428571428,-0.0021815198779368944,-0.0016354783538533274,0.00737690560140658,0.005765610304139452,0.11948666663965064,0.08402450720615041,39733.4,40250.595,40352.06
2022-03-20,2022,3,20,42218.0,42308.2,40945.0,41289.0,1967.29109207,22542,41778.7,42379.6,41537.5,42218.0,1298.20726204,16785.0,0.020458658902667404,0.00025962623263464657,0.03380862189546319,0.01060200933091715,-0.4975571785729066,-0.44847867516593287,39918.47142857143,41003.41428571429,39203.08571428571,40409.385714285716,3019.1784012200574,27165.0,0.0057534171307924075,0.007645496938804294,0.007275080724170713,0.011208864495010637,0.1706104664641546,0.14831269246341297,40042.53333333334,40476.04,40441.662000000004
2022-03-21,2022,3,21,41286.1,41572.4,40510.1,41014.3,1953.9504866199,22519,42218.0,42308.2,40945.0,41289.0,1967.29109207,22542.0,0.010514927463037393,-0.0016847728624149738,-0.014264219079145324,-0.022004832062153534,0.5153906079516173,0.3429848078641644,40408.9,41433.15714285714,39681.81428571429,40909.47142857143,2971.6410351557715,27962.14285714286,0.011241192128397248,0.010249031252944534,0.010433614191333753,0.012528324085398421,0.17907382090843443,0.15265449611928747,40326.63333333333,40380.755000000005,40504.144
2022-03-22,2022,3,22,41014.3,43402.6,40916.3,42377.8,3336.9451303601,32677,41286.1,41572.4,40510.1,41014.3,1953.9504866199,22519.0,-0.0220735231417879,-0.017391427666504256,-0.010621565514714937,-0.006653103732228827,-0.006781205640525201,-0.0010203176293142047,40909.24285714285,41672.1,40099.75714285714,41098.771428571425,2757.8009909328857,27510.285714285714,0.012531958745832286,0.01073095705252972,0.012475339100637996,0.013055562481941174,0.1840181826748668,0.18450267673108003,40574.333333333336,40210.075,40565.828
2022-03-23,2022,3,23,42377.7,43010.6,41811.1,42910.3,2207.87184726,29946,41014.3,43402.6,40916.3,42377.8,3336.9451303601,32677.0,-0.006583329498305646,0.04402440080437975,0.01002712903695624,0.03324450252716726,0.707794109016864,0.4510857498112706,41098.54285714286,42172.47142857143,40492.08571428571,41534.82857142857,2865.9436647471857,29018.714285714286,0.013066695683697655,0.006066169312458403,0.010993692679263247,0.004919240431958508,0.11157417210578528,0.11091544285006509,41084.26666666666,40132.840000000004,40643.142
2022-03-24,2022,3,24,42910.2,44246.9,42637.4,43989.0,2598.22403232,25170,42377.7,43010.6,41811.1,42910.3,2207.87184726,29946.0,0.03324206435316457,-0.009031716993912808,0.021869035078929233,0.012565541391955204,-0.33835536366109153,-0.0835756036355847,41535.114285714284,42358.72857142857,40921.17142857143,41790.014285714286,2238.628001832857,25857.428571428572,0.004921677190216031,0.012354653347876379,0.010200678200610325,0.010977915298893312,0.24874039947746956,0.19518115550402534,41442.166666666664,40155.105,40726.95
2022-03-25,2022,3,25,43989.0,45105.0,43604.8,44315.5,3654.14485579,52270,42910.2,44246.9,42637.4,43989.0,2598.22403232,25170.0,0.012565571043261059,0.028744077041473526,0.019762694595454322,0.025138486563831997,0.1768002004031315,-0.15948707673812867,41789.44285714285,42755.557142857135,41219.5,42224.78571428572,2278.040127785714,25724.714285714286,0.010993321511325403,0.004595378345881656,0.010938883481357107,0.0062392292931754256,-0.02214417366816825,-0.010246390264849794,41960.34444444444,40397.68000000001,40868.664
2022-03-26,2022,3,26,44315.5,44800.0,44135.1,44548.0,1165.03671815,26378,43989.0,45105.0,43604.8,44315.5,3654.14485579,52270.0,0.025140875596012302,0.01939344903258755,0.022689000736442644,0.007422310122985332,0.4064009917293967,1.076678585617799,42224.857142857145,43146.47142857143,41708.885714285716,42587.700000000004,2430.9478152085717,28844.14285714286,0.006219147799506513,0.009515862269549227,0.007350993697582219,0.01045017014610464,0.09569606292242021,0.03822960034995564,42314.955555555556,40643.635,41008.486000000004
2022-03-27,2022,3,27,44547.2,46976.1,44439.4,46855.2,1895.85174777,21268,44315.5,44800.0,44135.1,44548.0,1165.03671815,26378.0,0.007422310122985332,-0.006761999778295058,0.012161505155395602,0.00524647132493139,-0.6811739095936503,-0.49535106179452837,42587.25714285714,43492.24285714286,42079.97142857143,42920.55714285715,2411.9234517957148,30214.571428571428,0.010466463531149883,0.00918766222689192,0.011895813821340766,0.008616416306067798,0.1376703087466409,0.1683124957320389,42715.22222222222,40950.22,41067.736000000004
2022-03-28,2022,3,28,46855.3,48200.0,46683.5,47137.9,3417.2216237399,59916,44547.2,46976.1,44439.4,46855.2,1895.85174777,21268.0,0.005228418950480096,0.048573660714285705,0.006894739107875747,0.051791326209930766,0.6272892675695965,-0.1937220410948518,42920.0,44159.08571428571,42579.17142857143,43715.728571428575,2401.717831181428,30032.571428571428,0.0086041279911953,0.008184572796759104,0.008803368572759682,0.007851339448069832,0.11143934717224893,0.16161644049938242,43279.677777777775,41391.78,41176.46
2022-03-29,2022,3,29,47138.3,48123.0,46912.5,47440.2,1877.20497352,27843,46855.3,48200.0,46683.5,47137.9,3417.2216237399,59916.0,0.05181245959342018,0.0260536741023627,0.05049798152090257,0.006033481876077884,0.8024730191901424,1.8171901448185066,43715.6,45105.88571428571,43461.08571428571,44590.52857142857,2610.7565650557144,35375.0,0.007848912489401403,0.015364349022002058,0.011826076885191264,0.018393647772653305,0.1274248699748174,0.08494403350523723,43826.333333333336,41811.045,41270.828
2022-03-30,2022,3,30,47440.3,47707.9,46570.6,47059.3,1737.31775671,25601,47138.3,48123.0,46912.5,47440.2,1877.20497352,27843.0,0.006039871690075582,-0.0015975103734440221,0.004905373418873982,0.006413098589457711,-0.4506633808943489,-0.5352994191868616,44590.45714285714,45780.22857142857,44317.68571428572,45313.72857142857,2402.2222569357,34684.42857142857,0.018404052880145412,0.021570792131840193,0.020557440747422336,0.020206017145268547,0.24303261637919846,0.3446883852834973,44509.799999999996,42084.79,41342.288
2022-03-31,2022,3,31,47079.2,47598.0,45250.0,45524.3,2320.05234427,30068,47440.3,47707.9,46570.6,47059.3,1737.31775671,25601.0,0.0064066799184527845,-0.008625813020800788,-0.007288036237676598,-0.008029055526747264,-0.0745188824786106,-0.08052293215529938,45313.68571428571,46451.27142857143,44997.614285714284,45906.44285714285,2335.0002439999857,34063.71428571428,0.020207367335628446,0.015053376249293942,0.019825761373410584,0.016372959439881467,0.0775386892490252,0.20377621828376416,45181.46666666667,42465.965000000004,41401.892
2022-04-01,2022,4,1,45523.5,46710.9,44257.6,46312.0,4181.29834325,36546,47079.2,47598.0,45250.0,45524.3,2320.05234427,30068.0,-0.0076116719329347715,-0.0023036017095701133,-0.028356946227877655,-0.032618419738500104,0.3354219948016526,0.1744853716651693,45909.25714285714,46930.0,45370.84285714286,46125.77142857143,2295.2614314214143,34763.42857142857,0.016373740987812475,0.015111362531167087,0.015660465471038325,0.013430874165781117,0.11522961513223676,0.2042123142095192,45531.07777777778,42805.575,41423.978
2022-04-02,2022,4,2,46312.0,47200.0,45666.1,45828.6,1420.1895203,22824,45523.5,46710.9,44257.6,46312.0,4181.29834325,36546.0,-0.03304431681082087,-0.01863733770326481,-0.02193149171270725,0.01730284705091556,0.802243106099245,0.21544499135293327,46128.47142857143,47159.41428571429,45464.09999999999,46410.985714285714,2370.569072487129,32517.14285714286,0.013491277705498786,0.010675979852446569,0.008786231067705184,0.0051798875511622445,0.13788987147488263,0.25192266398141894,45909.044444444444,43181.925,41479.468
2022-04-03,2022,4,3,45828.6,47444.9,45566.0,46423.4,1245.97997739,20620,46312.0,47200.0,45666.1,45828.6,1420.1895203,22824.0,0.017320724460992754,0.010470789473120856,0.03182504247857998,-0.010437899464501688,-0.6603472405664006,-0.3754720078804794,46413.68571428571,47502.27142857143,45682.81428571429,46593.92857142857,2407.0194727942717,32009.428571428572,0.005179107361665476,0.005243010318753373,0.0024118750035409136,0.006591392826580849,0.19443874495628952,0.1288892933721524,46113.444444444445,43583.935000000005,41548.036
2022-04-04,2022,4,4,46424.2,46888.0,45153.0,46617.1,1910.97459708,23949,45828.6,47444.9,45566.0,46423.4,1245.97997739,20620.0,-0.010437899464501688,0.005188559322033992,-0.002191998002894935,0.012978794901000734,-0.12266640502543635,-0.09656501927795302,46596.74285714286,47569.24285714286,45843.75714285715,46532.24285714285,2314.1806484542712,31916.85714285714,0.006593166552809393,0.007704837354669932,0.005220951763995825,0.004350768428090409,0.19741398338875377,0.14601487250273082,46347.65555555556,43920.645,41631.684
2022-04-05,2022,4,5,46617.1,47188.4,45377.0,45479.2,1882.88025051,22655,46424.2,46888.0,45153.0,46617.1,1910.97459708,23949.0,0.012996251249219881,-0.011737826404945584,-0.00906377562217442,0.004172464748381177,0.5337121235952673,0.16144519883608144,46535.15714285714,47381.81428571429,45625.11428571429,46457.84285714286,2099.0025017885714,26778.714285714286,0.004355121064954852,0.001506965727205402,0.003922846462457156,-0.001193878901756738,0.09027745873232051,0.1598944470480021,46577.555555555555,44285.23,41722.774
2022-04-06,2022,4,6,45498.3,45534.3,43123.7,43179.4,4589.10698672,36043,46617.1,47188.4,45377.0,45479.2,1882.88025051,22655.0,0.004155160455107554,0.006406756526190049,0.004960910681460762,-0.02440949780230861,-0.014701580341742182,-0.05403148356925136,46460.7,47248.3,45405.75714285715,46177.700000000004,2099.8132556442856,26037.571428571428,-0.0011900515556451901,-0.0038918200595529245,-0.004585975986553843,-0.0014597384914276962,0.051883045075909795,-0.0766405452352015,46424.666666666664,44502.990000000005,41781.087999999996
2022-04-07,2022,4,7,43179.5,43920.8,42750.0,43469.8,1565.17601256,22151,45498.3,45534.3,43123.7,43179.4,4589.10698672,36043.0,-0.023999776905899273,-0.0350531062718803,-0.04965731538003837,-0.05056817182360274,1.4372803238426806,0.5909512248951667,46183.27142857143,46937.78571428572,44913.34285714285,45623.42857142857,2507.211717074286,27529.285714285714,-0.0014592960177834799,-0.0027483533596051996,-0.004578042091898589,-0.005862966547394314,0.11416330229771075,-0.007887983004114323,45984.833333333336,44614.68,41753.414
2022-04-08,2022,4,8,43469.8,43968.7,42126.0,42282.6,2238.74341635,26125,43179.5,43920.8,42750.0,43469.8,1565.17601256,22151.0,-0.050964541532320995,-0.03543482605420534,-0.008665768475339508,0.006725429255617366,-0.6589366913673356,-0.3854285159392947,45626.17142857143,46412.47142857143,44556.2,45329.92857142857,2399.372241115714,26398.285714285714,-0.005803075564119488,-0.006523680966902272,-0.010630796255093127,-0.01193998316123081,0.3301346174864666,0.0880368965745237,45543.67777777778,44699.41499999999,41745.348000000005
2022-04-09,2022,4,9,42282.6,42805.1,42111.0,42764.0,621.74608186,13343,43469.8,43968.7,42126.0,42282.6,2238.74341635,26125.0,0.006723097766301311,0.0010905994426329002,-0.014596491228070163,-0.027310914704001488,0.4303461070095971,0.17940499300257318,45332.78571428572,46020.728571428575,44251.68571428571,44754.299999999996,2121.8643944157143,24909.571428571428,-0.011996342649746092,-0.011256713016135875,-0.007817770861873392,-0.006319433304928314,0.1880833766051826,0.008049198345314543,45012.93333333333,44702.645000000004,41780.121999999996
2022-04-10,2022,4,10,42781.7,43416.4,41805.4,42160.0,1121.27095145,15302,42282.6,42805.1,42111.0,42764.0,621.74608186,13343.0,-0.027310914704001488,-0.02646428027210257,-0.00035607463324316413,0.011385297971269637,-0.7222789903839532,-0.48926315789473684,44757.15714285714,45392.88571428571,43743.81428571428,44316.5,2007.8010460671428,23555.14285714286,-0.006315283424442922,-0.008438436281007631,-0.006769913649782379,-0.012692827841345036,0.13495523387809003,0.002900627152405958,44706.23333333333,44776.395000000004,41835.254
2022-04-11,2022,4,11,42164.9,42411.0,39240.0,39534.6,3303.8990908,31753,42781.7,43416.4,41805.4,42160.0,1121.27095145,15302.0,0.0118039098825522,0.014281008571408682,-0.007257011232219557,-0.014124029557571749,0.8034226256732233,0.1468185565465039,44321.885714285716,44817.385714285716,43206.58571428571,43707.44285714285,1989.9854709328572,22795.428571428572,-0.012691231876584956,-0.013714874816039549,-0.011367216094328543,-0.009575228207663418,0.1261078410470111,-0.01335525142105939,44244.899999999994,44833.68000000001,41876.538
2022-04-12,2022,4,12,39530.5,40683.4,39269.4,40078.7,2170.32737648,24269,42164.9,42411.0,39240.0,39534.6,3303.8990908,31753.0,-0.014417379393525609,-0.023157147990160443,-0.06136527816980586,-0.06227229601518025,1.9465662037596525,1.0750882237616,43713.41428571429,44177.81428571429,42361.87142857142,42695.65714285714,2188.9746843214284,23910.285714285714,-0.009513830541291544,-0.012415953494700307,-0.012090789412803489,-0.013447060273173772,0.2584062740039625,0.021413830839577312,43545.56666666667,44691.520000000004,41899.23
2022-04-13,2022,4,13,40078.7,41548.4,39598.0,41150.0,2414.27057701,24018,39530.5,40683.4,39269.4,40078.7,2170.32737648,24269.0,-0.062478507004641304,-0.04073471505034065,0.0007492354740061824,0.01376262817886098,-0.343101191400346,-0.23569426510880864,42701.04285714286,43248.52857142857,41489.357142857145,41924.15714285714,2230.03855946,24140.85714285714,-0.013430063490255186,-0.014047285149731002,-0.019562432633893696,-0.02293916895368255,0.4602425711703032,0.15193426297179422,42840.600000000006,44549.939999999995,41960.42
2022-04-14,2022,4,14,41150.0,41480.0,39600.0,39954.9,1895.26356688,20685,40078.7,41548.4,39598.0,41150.0,2414.27057701,24018.0,0.013867772985416194,0.021261743118815124,0.008367838571508468,0.026729908904230992,0.1123992643569034,-0.01034241213070175,41926.81428571429,42679.114285714284,40985.68571428571,41634.24285714285,1919.3476437871432,22423.0,-0.02294915884164788,-0.02078178108923539,-0.02016410052067292,-0.01748600809922975,0.4133283410190741,0.12598243703757178,42233.14444444445,44407.99,42018.294
2022-04-15,2022,4,15,39953.7,40890.3,39800.0,40569.9,1177.17180956,16024,41150.0,41480.0,39600.0,39954.9,1895.26356688,20685.0,0.026729908904230992,-0.0016462727806606514,5.050760139391208e-05,-0.029042527339003588,-0.214974665670148,-0.13877092180864348,41636.885714285716,42330.42857142857,40535.68571428571,41132.114285714284,1966.5030086900001,22213.571428571428,-0.01753950885717424,-0.012736802604850328,-0.011874792813309085,-0.0064434251381106445,0.22405961823539164,0.04008334603387626,41619.333333333336,44189.96,42072.39
2022-04-16,2022,4,16,40570.0,40708.8,40011.9,40381.0,589.46381724,12703,39953.7,40890.3,39800.0,40569.9,1177.17180956,16024.0,-0.029071688942891916,-0.014216489874638305,0.005050505050504972,0.015392354880127357,-0.3788875435948622,-0.2253323664491177,41134.58571428571,41890.65714285714,40203.4,40887.44285714285,1814.8499220057142,20770.571428571428,-0.006440301651952529,-0.007909866422915373,-0.010629610516632883,-0.011553133223056495,0.2874827647635613,0.07532014519539787,41329.38888888889,43991.055,42116.972
2022-04-17,2022,4,17,40381.1,40652.8,39556.0,39681.2,982.00936665,15246,40570.0,40708.8,40011.9,40381.0,589.46381724,12703.0,0.015425354848236816,-0.004438705512065155,0.0053241206030150146,-0.004656161341289988,-0.4992542189229555,-0.20725162256615082,40889.92857142857,41591.18571428571,39903.52857142857,40547.014285714286,1810.238169917143,20679.14285714286,-0.011553842610408704,-0.010096593468239832,-0.007822896762550722,-0.005452666139609518,0.17187795753435284,0.01750052241658489,40986.18888888889,43667.345,42139.922
2022-04-18,2022,4,18,39680.5,41067.3,38570.0,40811.3,2626.83895679,27165,40381.1,40652.8,39556.0,39681.2,982.00936665,15246.0,-0.004656149864431858,-0.0013756239437173745,-0.011394110252200051,-0.017329932393947756,0.6659366324603009,0.2001889317484058,40546.985714285714,41196.385714285716,39582.18571428571,40192.9,1790.3436578028573,20671.14285714286,-0.005448661245803232,-0.006950082788234486,-0.0070114403002281235,-0.007744303184260892,0.20373863917163826,0.05778788460638289,40697.14444444445,43294.509999999995,42151.142
2022-04-19,2022,4,19,40811.3,41825.8,40600.0,41506.2,1433.48126987,20860,39680.5,41067.3,38570.0,40811.3,2626.83895679,27165.0,-0.01734970072632991,0.010196099653652313,-0.024926686217008776,0.0284794814672944,1.6749632396594412,0.7817788272333728,40192.07142857143,41004.42857142857,39486.47142857143,40375.28571428572,1693.6207815157143,20015.714285714286,-0.00780009835251524,-0.009186744576109638,-0.007602454445939623,-0.00820228930374318,0.1840977829983636,0.0654122239209403,40480.17777777778,42963.065,42213.185999999994
2022-04-20,2022,4,20,41506.2,42235.7,40900.8,41369.9,1847.47895334,24598,40811.3,41825.8,40600.0,41506.2,1433.48126987,20860.0,0.02849762477791362,0.01846968269158178,0.05263157894736836,0.017027146893139777,-0.4542941941055588,-0.23210012884226028,40375.04285714286,41167.62857142858,39676.55714285715,40579.21428571428,1588.3570519999998,19528.714285714286,-0.008219001400058712,-0.004421994912707815,-0.002396941309825754,0.004762250336610342,0.14529735955547626,0.023510881559764996,40407.53333333334,42685.409999999996,42179.416
2022-04-21,2022,4,21,41370.0,42950.0,39800.6,40484.1,3322.74818736,32797,41506.2,42235.7,40900.8,41369.9,1847.47895334,24598.0,0.017027146893139777,0.009800171186205464,0.007408866995074037,-0.003283846750605779,0.2888057850295769,0.17919463087248322,40578.97142857143,41265.81428571429,39862.67142857143,40610.62857142858,1507.3868200471427,19611.571428571428,0.004777588854591992,0.004035776193281104,0.005014822043511701,0.005228610152935885,0.12941264488330298,0.024024329597843334,40611.455555555556,42477.69,42118.255999999994
2022-04-22,2022,4,22,40479.1,40791.3,39139.0,39715.9,2214.67239669,27687,41370.0,42950.0,39800.6,40484.1,3322.74818736,32797.0,-0.0032814374719920547,0.016912233016145084,-0.026899229354927168,-0.0214117027113917,0.7985310097053644,0.33331978209610535,40610.4,41475.81428571429,39891.32857142857,40686.22857142857,1711.3131944014287,21341.85714285714,0.005228927984266789,0.002398408774336867,0.004877826104021067,0.0009409307736734889,0.15461357640797063,0.05110105002686976,40656.5,42186.295,42049.488
2022-04-23,2022,4,23,39713.5,39958.4,39310.0,39435.6,813.96002029,16509,40479.1,40791.3,39139.0,39715.9,2214.67239669,27687.0,-0.021534928692289124,-0.05026076833527349,-0.01662286498193488,-0.01897535081674029,-0.33348172301626977,-0.1558069335609964,40685.45714285714,41461.67142857143,39796.9,40564.22857142857,1859.5275639914287,23008.0,0.0009415927876634969,0.005049623888166258,0.0010278636816894845,0.0020310485776180442,0.29940010146161533,0.11854257915611958,40497.15555555556,41880.659999999996,41994.505999999994
2022-04-24,2022,4,24,39439.3,39911.0,39015.8,39467.9,1138.59124375,14218,39713.5,39958.4,39310.0,39435.6,813.96002029,16509.0,-0.018913463985118173,-0.020418569645978435,0.004369043664886663,-0.0070576267943066595,-0.632469334287759,-0.40372738108137396,40563.1,41354.471428571436,39696.62857142857,40429.17142857142,1891.5984501414284,23551.714285714286,0.002018272823463896,-9.95587490673395e-05,-0.0020683320372304947,-0.002878623664791619,0.3058866472585571,0.12847478385442263,40439.455555555556,41531.270000000004,42000.468
2022-04-25,2022,4,25,39456.7,40614.5,38200.5,40438.5,4131.19598091,32601,39439.3,39911.0,39015.8,39467.9,1138.59124375,14218.0,-0.006904453145655687,-0.001186233683030391,-0.007484100737725652,0.0008190568927568531,0.3988294453876735,-0.13877279059906722,40428.55714285715,41248.5,39619.45714285714,40398.700000000004,1913.9672897271428,23404.85714285714,-0.0028872727241582457,-0.0023823964824835225,-0.0022047715998202593,-0.0032216901580797153,0.2868559164921565,0.10040681835224789,40317.01111111111,41173.81,42001.898
2022-04-26,2022,4,26,40438.4,40776.9,37672.0,38121.7,4450.89465927,34470,39456.7,40614.5,38200.5,40438.5,4131.19598091,32601.0,0.00044118430093820216,0.017626719450777983,-0.020896662377805963,0.02459213690112727,2.628339848551553,1.2929385286256858,40396.58571428571,41183.81428571429,39566.67142857143,40345.442857142865,2128.87543603,24181.428571428572,-0.003208458907190221,-0.0023553407309568103,-0.001646198812038202,-0.0006289774028361997,0.24869774691035262,0.05198371515975175,40323.399999999994,40921.775,42042.342000000004
2022-04-27,2022,4,27,38121.7,39446.8,37909.4,39249.9,3384.95426898,25789,40438.4,40776.9,37672.0,38121.7,4450.89465927,34470.0,0.024880438556696527,0.0039985719385933205,-0.01383489744898625,-0.057291937139112514,0.07738647109391761,0.0573295297690255,40343.31428571429,41033.97142857143,39148.385714285716,39861.94285714285,2559.9344916585715,26125.714285714286,-0.0006669039032947767,-0.0012938236170817147,-0.0010704811207235146,-0.001184312340860075,0.38489440532351143,0.1250065296443679,40150.12222222223,40668.89,42044.295999999995
2022-04-28,2022,4,28,39249.9,40349.8,38884.4,39752.8,3135.47777394,27554,38121.7,39446.8,37909.4,39249.9,3384.95426898,25789.0,-0.05728960591912646,-0.032618958282753185,0.006301762582289205,0.02959469278652338,-0.23948901780228316,-0.2518421816071946,39859.81428571429,40635.55714285715,38721.04285714286,39559.08571428571,2779.5738224642855,26295.85714285714,-0.0011836447920400759,-0.003361125153222923,-0.010565692034488459,-0.011801324345467545,0.4608487860662938,0.16635362373169443,39976.63333333333,40457.895000000004,42054.242
2022-04-29,2022,4,29,39749.8,39920.7,38131.8,38599.5,2451.16979,26059,39249.9,40349.8,38884.4,39752.8,3135.47777394,27554.0,0.02959469278652338,0.0228915906993723,0.02571921475940009,0.012812771497507036,-0.07370158507789104,0.06844003257202691,39556.94285714285,40264.1,38590.15714285714,39454.614285714284,2752.8209062614287,25546.85714285714,-0.011800323765220968,-0.009421000791645586,-0.010723849807743435,-0.007104390125877665,0.38537809994745664,0.1047769362345976,39781.811111111114,40331.405,42009.992
2022-04-30,2022,4,30,38597.5,38777.4,37608.7,37660.8,1090.27309591,18103,39749.8,39920.7,38131.8,38599.5,2451.16979,26059.0,0.012736338181753348,-0.010634501286251874,-0.019354805526123564,-0.029011792879998444,-0.2182467978652286,-0.05425709515859767,39452.75714285714,40139.72857142857,38446.27142857143,39295.12857142858,2786.6062481628574,25314.285714285714,-0.007103733728290191,-0.008566806836898842,-0.0032069292199823985,-0.0022151795246064176,0.26077344354984877,0.06693697201687211,39473.98888888889,40123.18,41993.265999999996
2022-05-01,2022,5,1,37660.7,38660.0,37399.4,38474.1,1633.98318627,21895,38597.5,38777.4,37608.7,37660.8,1090.27309591,18103.0,-0.028988825101006865,-0.0286392773673807,-0.013718208948961363,-0.02431896786227794,-0.5552029482584313,-0.3053071875359761,39293.32857142857,39971.01428571429,38203.22857142857,39041.58571428571,2826.0795446800003,25542.0,-0.002207838460569838,-0.0029059115441814687,-0.003597206440580782,-0.0036489569622147255,0.2772355757142832,0.08144409178864336,39160.28888888889,39898.219999999994,41971.84
2022-05-02,2022,5,2,38470.8,39169.4,38011.0,38499.9,2642.20787837,25583,37660.7,38660.0,37399.4,38474.1,1633.98318627,21895.0,-0.02427100200790211,-0.0030275366579503027,-0.0055652016687627315,0.021595398929390663,0.4986916511098449,0.2094680439706127,39039.24285714286,39792.3,37972.31428571429,38899.614285714284,2896.8498221828568,26638.714285714286,-0.003647175762839651,-0.004080298361524649,-0.0061810996711305,-0.006114862829067765,0.28827363086133,0.09550411943798591,39022.31111111111,39845.195,41965.622
2022-05-03,2022,5,3,38499.9,38645.1,37507.9,37727.9,1875.03601922,20456,38470.8,39169.4,38011.0,38499.9,2642.20787837,25583.0,0.021510487059454686,0.013176409725814908,0.016353203527329274,0.0006705809882492364,0.6170349245768803,0.1684402831696734,38898.4,39585.857142857145,37945.24285714286,38622.67142857143,2684.1372361057142,25636.14285714286,-0.00612811131458914,-0.004343341643656066,-0.0059069712327072255,-0.003146813966691507,0.3025396602502117,0.14525281009079732,38918.34444444444,39766.255,41979.852
2022-05-04,2022,5,4,37727.9,40029.8,37674.8,39682.8,3072.74719791,28648,38499.9,38645.1,37507.9,37727.9,1875.03601922,20456.0,0.0007564178545804712,-0.013385448845272152,-0.013235642314066931,-0.02005200013506525,-0.29035257423548166,-0.2004065199546574,38621.47142857143,39281.31428571429,37921.8,38566.41428571429,2316.1574303842854,23634.14285714286,-0.003118210920515357,-0.004979100175793648,-0.0005855618176879058,-0.006564179097102655,0.015210385396686954,-0.015389796402918725,38725.01111111112,39595.15,41940.626000000004
2022-05-05,2022,5,5,39677.6,39832.0,35407.0,36542.6,5103.89656374,38621,37727.9,40029.8,37674.8,39682.8,3072.74719791,28648.0,-0.02005200013506525,0.035831192052808936,0.004449729257036461,0.05181576499089546,0.6387670244266765,0.40046929996089164,38565.21428571428,39364.6,37888.28571428572,38628.25714285714,2271.5564202314285,24042.571428571428,-0.006564499592246221,-0.007462531716345858,-0.0004999539412708602,-0.0012441880965244742,-0.03732376393608437,-0.05220923207773057,38641.044444444444,39581.545,41947.774
2022-05-06,2022,5,6,36540.4,36647.0,35280.0,36017.4,2897.56279581,29119,39677.6,39832.0,35407.0,36542.6,5103.89656374,38621.0,0.051677935957209264,-0.004941318717555543,-0.060194081985836756,-0.07913252089066303,0.6610206551360727,0.3481220329516894,38626.31428571429,39290.62857142858,37391.514285714286,38169.65714285715,2552.759104488571,25623.571428571428,-0.00124484162309462,0.002316061188734445,-0.0007645301305926809,0.0019302507898143948,0.08814138495376701,0.04097812243199604,38465.58888888889,39380.18,41856.14599999999
2022-05-07,2022,5,7,36017.4,36105.9,34755.0,35463.0,1293.31044199,21149,36540.4,36647.0,35280.0,36017.4,2897.56279581,29119.0,-0.07906728229530002,-0.07996083550913835,-0.0035868613550992245,-0.014372266888508123,-0.43228418530356283,-0.24603195152896096,38167.82857142857,38822.95714285714,36984.11428571429,37800.78571428572,2616.52953389,26060.714285714286,0.0019099074012890777,-0.0016600687279695325,-0.013037858237055087,-0.011204790979924186,0.19310170498433327,0.08093269391480497,38106.42222222223,39162.0,41757.582
2022-05-08,2022,5,8,35463.1,35495.0,33700.0,34024.2,3717.25105101,29643,36017.4,36105.9,34755.0,35463.0,1293.31044199,21149.0,-0.014312924872196264,-0.014765192239473812,-0.014880952380952328,-0.015392560262539767,-0.5536557675781237,-0.2737044541364745,37799.24285714286,38441.31428571429,36576.44285714286,37486.81428571429,2645.534869044285,26495.85714285714,-0.011204895524004261,-0.011563830759810458,-0.010785294784051611,-0.009113430123996997,0.1625249353502855,0.053536285861895926,37629.77777777778,38951.090000000004,41631.34
2022-05-09,2022,5,9,34028.3,34214.1,30050.0,30075.5,11297.51359129,59841,35463.1,35495.0,33700.0,34024.2,3717.25105101,29643.0,-0.015389783826706083,-0.016919672408110653,-0.030355344554740316,-0.04057186363251852,1.8742140559000777,0.4016265544470188,37485.299999999996,37989.17142857143,36047.95714285714,36851.114285714284,2943.144564007143,27602.714285714286,-0.00910833834845989,-0.009581818598680902,-0.010951400988621749,-0.007838229038320115,0.16274596116175802,0.05805096206182473,37121.41111111111,38611.735,41467.464
2022-05-10,2022,5,10,30052.6,32648.6,29755.0,30999.9,10419.54135811,59593,34028.3,34214.1,30050.0,30075.5,11297.51359129,59841.0,-0.040458955928838636,-0.03608677278489936,-0.10830860534124631,-0.11605563099205851,2.0392118897162987,1.018722801335897,36850.65714285714,37281.271428571425,34910.67142857143,35647.62857142857,4179.61680871,32496.714285714286,-0.007839592894003313,-0.011566409420132382,-0.014492849972332831,-0.016719266547164286,0.359249161846077,0.08550217784416846,36278.600000000006,38040.2,41243.193999999996
2022-05-11,2022,5,11,30999.9,32132.0,27700.0,28994.1,14865.74600975,78783,30052.6,32648.6,29755.0,30999.9,10419.54135811,59593.0,-0.1168351048979821,-0.04575598948971327,-0.009816971713810352,0.030735981114196065,-0.07771375764105182,-0.004144315770124196,35643.9,36424.62857142858,33803.11428571429,34686.485714285714,5400.260428551429,38087.71428571428,-0.016692370463759505,-0.018604006921662992,-0.03230167981070077,-0.03339443968720825,0.5624172997231368,0.20697110901077181,35448.13333333333,37521.7,41042.905999999995
2022-05-12,2022,5,12,28998.2,30075.9,25332.8,28943.4,12160.55241802,73670,30999.9,32132.0,27700.0,28994.1,14865.74600975,78783.0,0.031521399146829276,-0.015823036822405823,-0.06906402285330193,-0.06470343452720828,0.4267178850611615,0.32201768664104846,34682.75714285714,35296.37142857142,32378.14285714286,33159.52857142857,7084.974544528572,45249.857142857145,-0.0334911594284113,-0.023228369870868865,-0.031813298296378405,-0.02613901379445663,0.5927942735223412,0.23500856675141943,34391.933333333334,36947.2,40775.232
2022-05-13,2022,5,13,28943.5,30966.0,28684.5,29222.6,4289.72165684,36428,28998.2,30075.9,25332.8,28943.4,12160.55241802,73670.0,-0.06457117603605178,-0.06398916967509016,-0.0854584837545127,-0.0017486316181567485,-0.18197496378289701,-0.06489978802533547,33157.12857142858,33902.642857142855,30938.971428571425,32073.928571428572,8093.068237997142,50256.857142857145,-0.026123530959569225,-0.030607545424470972,-0.042315262883569606,-0.04278461372561431,0.5625015393272674,0.22380119342001326,33415.87777777777,36408.575,40495.894
2022-05-14,2022,5,14,29232.8,30264.0,28600.5,30048.2,2749.78304312,30315,28943.5,30966.0,28684.5,29222.6,4289.72165684,36428.0,-0.001886323978729787,0.029595124335431322,0.1323067327733216,0.00964641334466565,-0.6472428628749367,-0.5055246368942582,32071.85714285714,33091.07142857143,29996.757142857143,31103.242857142854,8291.948075287144,51301.0,-0.042730546958606515,-0.039042952704118776,-0.045924463136237596,-0.03172977240097056,0.4420735937674146,0.16479807613758113,32253.633333333335,35897.925,40200.566
2022-05-15,2022,5,15,30051.7,31390.0,29452.6,31296.9,1579.87172232,24094,29232.8,30264.0,28600.5,30048.2,2749.78304312,30315.0,0.009995335740321742,-0.02267002518891692,-0.0029284108142028087,0.02825210624653529,-0.35898334132345255,-0.16781047545843852,31102.62857142857,32256.514285714286,29117.542857142857,30329.7,8500.015589734287,52610.42857142857,-0.03170469577052505,-0.02339210129775168,-0.02651109254646319,-0.028298532367660018,0.41136521125721837,0.12772769251396726,31532.033333333333,35426.94,39915.22
2022-05-16,2022,5,16,31294.5,31294.5,29060.0,29826.1,3703.174505,28913,30051.7,31390.0,29452.6,31296.9,1579.87172232,24094.0,0.028013053829944567,0.03720592122653987,0.029793185433821145,0.041556565784306665,-0.4254558641370404,-0.2052119412831931,30329.571428571428,31670.085714285717,28510.77142857143,29940.085714285717,8194.675685635715,51817.71428571428,-0.02823208711159391,-0.024521363147672122,-0.024803586608356114,-0.022063580009220724,0.43917555786502854,0.14285540375368663,31007.533333333333,34969.86,39650.198000000004
2022-05-17,2022,5,17,29826.1,30742.0,29403.0,30408.3,2810.86074049,23704,31294.5,31294.5,29060.0,29826.1,3703.174505,28913.0,0.041355397531587235,-0.0030423701815864845,-0.01332989277686858,-0.04699506979924539,1.343971635597089,0.20000830082178145,29939.028571428575,31253.0,28369.342857142856,29904.457142857143,7109.77010188,47399.42857142857,-0.02203168173207239,-0.01678913548557919,-0.01621093946713305,-0.010330947235388552,0.11065128357401167,0.05616419007794211,30381.211111111108,34555.08,39309.616
2022-05-18,2022,5,18,30408.4,30653.1,28589.1,28664.3,4177.51533145,26075,29826.1,30742.0,29403.0,30408.3,2810.86074049,23704.0,-0.04692198309607121,-0.01765485948010037,0.011803165863730314,0.01951981653652335,-0.2409591455399156,-0.1801611731746965,29906.67142857143,30980.628571428573,28319.057142857142,29819.942857142854,6022.815727934286,42272.42857142857,-0.01034391695201155,-0.01206850654224878,-0.002642551957936231,-0.00046515277927239307,0.01133124727126741,-0.06079502428121727,29979.444444444445,34113.0,38975.024
2022-05-19,2022,5,19,28657.6,30503.7,28649.2,30280.7,3722.85334692,25266,30408.4,30653.1,28589.1,28664.3,4177.51533145,26075.0,0.01952316930473663,-0.0028918092511873716,-0.027680848892970178,-0.057352762239257005,0.48620501587772,0.10002531218359767,29822.17142857143,30769.35714285714,28446.071428571428,29772.828571428574,4495.925631034285,34742.71428571428,-0.0003563281231671362,-0.008054059398018367,0.00044603912456957814,-0.0020674620046542097,-0.011989522428570274,-0.08594028962472759,29822.644444444442,33558.575,38599.506
2022-05-20,2022,5,20,30283.7,30721.2,28700.1,29167.5,3717.55661319,24027,28657.6,30503.7,28649.2,30280.7,3722.85334692,25266.0,-0.05757619605109121,-0.004873895299333464,0.002102199789430381,0.05639070202307406,-0.10883550351260796,-0.031025886864813,29773.514285714286,30830.471428571425,28919.842857142856,29963.87142857143,3290.5400494485716,27827.85714285714,-0.0020703609577517996,-0.006206741173558588,0.006357921118902686,-0.001017365963518313,-0.003491360883347624,-0.11765348597579199,29742.73333333333,33142.634999999995,38263.934
2022-05-21,2022,5,21,29161.6,29606.3,28927.3,29403.5,1030.06024928,13342,30283.7,30721.2,28700.1,29167.5,3717.55661319,24027.0,0.05674236502707841,0.007130282555886769,0.001776663920807442,-0.03676269042657532,-0.0014227618539909281,-0.0490382331987651,29964.971428571425,30795.5,28922.071428571428,29956.0,3208.80218607,26056.285714285714,-0.0010710781027574326,0.0022382980229780835,0.01886659019660884,0.0072882531280860875,0.006957133440979384,-0.1128143572385745,29762.0,32717.97,37936.797999999995
2022-05-22,2022,5,22,29394.4,30500.0,29225.7,30268.0,1862.49212439,15723,29161.6,29606.3,28927.3,29403.5,1030.06024928,13342.0,-0.03705293606791782,-0.03629090009504843,0.007916348723523647,0.008091197394360261,-0.7229200906785613,-0.4447080367919424,29954.8,30701.542857142857,28968.757142857143,29863.899999999998,2963.127501235714,23631.571428571428,0.00730444889807231,-0.0009709650883854242,0.00021943750339253093,0.0006583811607659497,0.09921714787254307,-0.04760201385350406,29813.12222222222,32264.439999999995,37598.628
2022-05-23,2022,5,23,30264.4,30630.7,28829.5,29070.0,3028.92781142,22623,29394.4,30500.0,29225.7,30268.0,1862.49212439,15723.0,0.007983101064413578,0.03018614281419829,0.010315515101651407,0.029401261754552932,0.8081390148701106,0.17845900164892825,29860.899999999998,30574.399999999998,28936.342857142856,29716.914285714283,3003.501844388572,22435.714285714286,0.0005832672111809442,-0.0029168043606899252,0.0017686888659248817,-0.002221748675259055,0.0472261836789561,-0.0871588083297189,29929.277777777777,31852.845,37287.416
2022-05-24,2022,5,24,29070.0,29819.7,28635.3,29631.8,2806.17199551,18978,30264.4,30630.7,28829.5,29070.0,3028.92781142,22623.0,0.029597474348855624,0.004285245901639367,-0.013556561519484589,-0.03957975419585036,0.6262768425998197,0.4388475481778287,29713.742857142857,30479.571428571428,28903.414285714283,29608.899999999998,2907.180888162857,21537.14285714286,-0.00227815461246634,-0.003919629848167294,-0.0010138354672422237,-0.003958220679509588,0.22345402353712052,-0.03234867362513013,29820.588888888888,31419.95,36940.348
2022-05-25,2022,5,25,29628.0,30188.9,29309.0,29520.3,2831.26904556,19081,29070.0,29819.7,28635.3,29631.8,2806.17199551,18978.0,-0.03946551063295489,-0.026476704743933377,-0.006736155673875754,0.01932576539387676,-0.07354279460545121,-0.16111921495822834,29605.728571428568,30347.814285714285,28793.742857142854,29497.971428571433,2906.511067451429,20862.0,-0.003957857924285142,-0.002872827550563601,-0.0010462167161873679,-0.002898889879024583,0.12092619596608208,0.0017712188543051852,29635.57777777778,30917.4,36600.642
2022-05-26,2022,5,26,29519.4,29854.0,27505.0,29186.9,4963.14828585,29306,29628.0,30188.9,29309.0,29520.3,2831.26904556,19081.0,0.019195046439628438,0.012381076939070423,0.023526905602525572,-0.003762849371283572,0.008943518105859471,0.005427336916429493,29494.242857142857,30281.5,28896.58571428571,29620.257142857143,2714.190169467143,19862.85714285714,-0.0028926475724113825,-0.0041330911596826015,-0.0036946912215596634,-0.0029266114708312385,0.1448428175281484,0.00449149859951492,29601.600000000002,30566.284999999996,36281.46400000001
2022-05-27,2022,5,27,29165.9,29386.5,28250.0,28580.0,4411.45476634,29965,29519.4,29854.0,27505.0,29186.9,4963.14828585,29306.0,-0.003665451599837888,-0.011093481378917414,-0.061551059401549035,-0.01129392316473743,0.7529765649199662,0.5358733818982233,29617.35714285714,30188.685714285715,28733.12857142857,29464.0,2891.375160742857,20440.0,-0.0029395222674268385,-0.0019512502753600597,0.0036207022777968723,0.00472909036745068,0.07666260356073976,-0.009022497867223391,29465.88888888889,30224.76,36001.614
2022-05-28,2022,5,28,28580.0,29229.0,28500.1,29020.0,1175.24284997,15126,29165.9,29386.5,28250.0,28580.0,4411.45476634,29965.0,-0.01197517564720152,-0.015659543109801,0.0270859843664788,-0.020793575199832826,-0.11115797629558755,0.022486862758479553,29457.67142857143,29998.014285714286,28668.82857142857,29380.071428571428,2990.503468335715,21288.285714285714,0.004762012654180779,-0.002839762572443481,-0.005472620463771616,-0.004940141802236675,0.1997786133368218,0.07196311195606751,29456.522222222222,29880.609999999997,35703.818
2022-05-29,2022,5,29,29020.1,29555.0,28820.0,29450.4,1292.41650634,15261,28580.0,29229.0,28500.1,29020.0,1175.24284997,15126.0,-0.020088528041308562,-0.005359603899749876,0.008853097345132621,0.015395381385584272,-0.7335929047856814,-0.49521107959285837,29374.585714285717,29944.114285714288,28607.8,29325.285714285714,3011.2438398628574,21543.14285714286,-0.005054778870716354,-0.006095451953256019,-0.0018570032572471362,-0.0026588396269877474,0.18410215413087944,0.08218098280710247,29316.444444444445,29630.4,35438.566
2022-05-30,2022,5,30,29450.5,32186.4,29281.8,31711.7,5654.09722483,31318,29020.1,29555.0,28820.0,29450.4,1292.41650634,15261.0,0.01539888033589909,0.011153306647507577,0.011224522019221084,0.014831150930392889,0.09970165432020384,0.008925029750099123,29321.114285714288,29809.114285714288,28549.842857142856,29208.485714285718,2929.8044658557146,21477.14285714286,-0.0026312920097721743,-0.001676695353927655,-0.0017231820255887115,-0.001615384771098603,0.18257746640129086,0.0749662624069716,29347.87777777778,29599.145,35172.294
2022-05-31,2022,5,31,31710.4,32400.0,31183.7,31780.9,3470.77076865,30831,29450.5,32186.4,29281.8,31711.7,5654.09722483,31318.0,0.014831099823915173,0.08903400439857889,0.016023594725884882,0.07678333740798093,3.3748259149381052,1.0521590983552849,29204.84285714286,30031.35714285714,28614.457142857143,29585.87142857143,3304.8286677714286,22719.285714285714,-0.00157189497098853,-0.004395671949169185,-0.0015933238945073289,-0.0036968291745500376,0.08137212917987557,0.05074712356428173,29604.344444444447,29634.734999999997,34963.328
2022-06-01,2022,6,1,31781.0,31929.0,29328.6,29790.0,5171.21778074,31383,31710.4,32400.0,31183.7,31780.9,3470.77076865,30831.0,0.07673553929474886,0.006636343300275849,0.06495160816616474,0.002182159896820357,-0.3861494363046871,-0.015550162845647919,29582.04285714286,30399.971428571433,28978.514285714286,29892.885714285712,3399.7713496485717,24412.571428571428,-0.0036813770459800227,0.007711293550393604,0.002632412711974024,0.01292646962599729,0.4740219966567735,0.13836305930391832,29772.444444444445,29774.075,34808.254
2022-06-02,2022,6,2,29790.0,31449.2,29572.8,30427.0,2470.22902272,19405,31781.0,31929.0,29328.6,29790.0,5171.21778074,31383.0,0.002226398910136762,-0.014537037037037015,-0.059489412738065184,-0.06264454436469713,0.48993354082886054,0.017904057604359203,29889.614285714284,30648.557142857142,28981.31428571429,29931.414285714283,3734.0497403885715,26170.0,0.01291877294369194,0.012441728985280636,0.012873521831979809,0.010477383126417803,0.42936390498545407,0.1591586381771441,29852.444444444445,29816.405,34602.48
2022-06-03,2022,6,3,30431.3,30658.9,29255.0,29676.4,2472.70542,18044,29790.0,31449.2,29572.8,30427.0,2470.22902272,19405.0,-0.0626474937855952,-0.015027091358952638,0.008326343569075911,0.021383014434373848,-0.5223119335796933,-0.38167160564636904,29928.27142857143,30876.442857142854,29276.714285714286,30108.571428571428,3377.918417084286,24755.571428571428,0.010494680439478845,0.008596284131551002,0.0010140477833239872,0.0020657124130730098,0.4980767653744543,0.16094102684684833,29940.800000000003,29876.625,34388.02
2022-06-04,2022,6,4,29676.4,29954.5,29450.1,29850.0,783.34433714,10432,30431.3,30658.9,29255.0,29676.4,2472.70542,18044.0,0.021527358173883737,-0.025129415056662774,-0.010746361521397962,-0.02466887961350117,0.001002497038623984,-0.07013656274156144,30109.042857142857,31058.214285714286,29420.285714285714,30265.200000000004,3100.95422475,23052.571428571428,0.002068674412942086,0.008034339848688827,0.010996533921984694,0.006733846355803192,0.3158926941602172,0.029863171483335154,29958.144444444442,29858.034999999996,34182.45
2022-06-05,2022,6,5,29850.8,30162.4,29514.0,29907.6,963.56113985,11190,29676.4,29954.5,29450.1,29850.0,783.34433714,10432.0,-0.024806695737612183,-0.022975383983117492,0.006668945479405108,0.005849766144141455,-0.6832035345560896,-0.4218576812236755,30265.67142857143,31161.85714285714,29556.0,30383.771428571432,3044.9687229171427,22382.0,0.006854750673097122,0.006681500999137145,0.005591913080859442,0.006180231439564857,0.33191561892224747,0.01663125355475787,30031.822222222225,29785.690000000002,33968.051999999996
2022-06-06,2022,6,6,29907.6,31725.6,29881.9,31356.3,3447.46292616,21505,29850.8,30162.4,29514.0,29907.6,963.56113985,11190.0,0.00587672359181024,0.006940526465138763,0.002169771919280361,0.0019296482412058946,0.23006077170095307,0.07266104294478537,30384.342857142856,31248.62857142857,29655.14285714286,30449.08571428571,2997.989384847143,21800.428571428572,0.00618072671648232,0.004164960987227485,0.005279891385755512,0.004816572119358741,0.33911410038361767,0.027110310464641137,30179.333333333332,29789.764999999996,33758.584
2022-06-07,2022,6,7,31353.1,31550.0,29200.2,31098.6,5748.61028228,32372,29907.6,31725.6,29881.9,31356.3,3447.46292616,21505.0,0.0019027965749660591,0.051826114632787634,0.012465270718980959,0.04843919271355768,2.5778351612401833,0.9218051831992851,30449.64285714286,31182.8,29740.87142857143,30398.31428571429,2682.7559136085715,20398.571428571428,0.004820418610183912,0.0035631352468890837,0.003986355657192552,0.002973500306617741,0.35773683143801044,0.036215455206739175,30438.92222222222,29837.165,33592.086
2022-06-08,2022,6,8,31097.2,31296.5,29848.0,30190.8,2829.62750608,22758,31353.1,31550.0,29200.2,31098.6,5748.61028228,32372.0,0.04833219649854881,-0.005534962301737334,-0.02281314106532717,-0.008218444140411951,0.6674900950082623,0.5053243431760055,30398.600000000002,31061.37142857143,29457.514285714286,30300.84285714286,3008.161558412857,20618.714285714286,0.0029735181460483246,-0.0017522775767953819,0.0034780236562062766,-0.00107566322115701,0.24388100948116445,0.017593467327310628,30622.055555555555,29958.879999999997,33397.831999999995
2022-06-09,2022,6,9,30190.8,30666.0,29892.2,30075.3,1940.03441123,17641,31097.2,31296.5,29848.0,30190.8,2829.62750608,22758.0,-0.008161872350740396,-0.008034865293185423,0.02218477955630438,-0.02919102467635193,-0.5077719018799585,-0.29698504880761156,30300.914285714283,30971.014285714286,29531.714285714286,30358.100000000002,2673.648662032857,19386.571428571428,-0.0010841022534088252,-0.003491035519940122,-0.009059797662578282,-0.0025614637979044824,0.39440094252587155,0.09200411104468968,30453.066666666666,29954.385000000002,33171.524
2022-06-10,2022,6,10,30085.3,30327.6,28845.2,29054.9,4353.22730975,24491,30190.8,30666.0,29892.2,30075.3,1940.03441123,17641.0,-0.029147318729660587,-0.020146022718195322,0.0014808362369338468,-0.003825668746770594,-0.3143852301896761,-0.2248440108972669,30358.17142857143,30859.128571428573,29577.34285714286,30307.85714285714,2597.9065746771425,19134.571428571428,-0.0025681410049627046,-0.0025621538422470375,0.0026079440937602266,0.002217610443287689,0.2518715935674688,0.04701995298583672,30263.555555555555,29999.775,32945.632000000005
2022-06-11,2022,6,11,29056.2,29411.7,28095.9,28380.2,2317.67808556,22690,30085.3,30327.6,28845.2,29054.9,4353.22730975,24491.0,-0.0034944420154484623,-0.011035022500489156,-0.03502585958878901,-0.03392817361755318,1.243891801377901,0.38829998299416135,30308.742857142857,30811.799999999996,29518.8,30219.071428571428,2866.552558927143,20055.571428571428,0.0022175982887422396,-0.0032934297507102783,0.0016300144748827889,-0.0013836300111615169,0.28157540833747124,0.06942389509285131,30181.87777777778,29982.345,32717.048
2022-06-12,2022,6,12,28395.9,28500.8,26506.5,26569.6,3666.64664503,26457,29056.2,29411.7,28095.9,28380.2,2317.67808556,22690.0,-0.034206074062748226,-0.030200213666758957,-0.025976592292651812,-0.023221556432821977,-0.46759543652382785,-0.07353721775346045,30220.14285714286,30734.257142857143,29325.342857142856,30009.1,3085.7430944157145,21806.714285714286,-0.0013569445954480746,-0.0012799450998283327,-0.0018384852490302178,-0.002706386297454661,0.45913102324308225,0.13491483019795456,29954.45555555556,29887.954999999998,32490.334000000003
2022-06-13,2022,6,13,26542.2,26853.2,21930.4,22460.1,17333.48812069,85068,28395.9,28500.8,26506.5,26569.6,3666.64664503,26457.0,-0.022724926177545512,-0.030970668135469892,-0.056570531643407085,-0.06379800001409441,0.5820344800576827,0.16602027324812685,30012.3,30496.885714285716,28895.7,29532.242857142857,3471.898166584286,23987.714285714286,-0.0026997129276103665,-0.0023120636260628275,-0.0065021335021812066,-0.006859432379878009,0.48993218010483386,0.18467489640798526,29609.255555555555,29762.935000000005,32233.014
2022-06-14,2022,6,14,22460.0,23309.0,20824.0,22111.0,10473.22068889,59767,26542.2,26853.2,21930.4,22460.1,17333.48812069,85068.0,-0.0652805510654707,-0.05780890360972324,-0.17264067304246122,-0.15466924605564258,3.727340755397001,2.215330536341989,29531.528571428567,29800.82857142857,27759.771428571432,28261.35714285714,5455.616051517142,33068.142857142855,-0.0067856628946611885,-0.0077279485690069216,-0.014893605439707984,-0.01624909641634948,0.5402141384415096,0.19801192930846265,28788.155555555553,29404.35,31892.858000000004
2022-06-15,2022,6,15,22115.0,22773.3,20089.0,22559.6,14784.40560659,67896,22460.0,23309.0,20824.0,22111.0,10473.22068889,59767.0,-0.15380036319521373,-0.13198427003113222,-0.05045051617845553,-0.015543118686025426,-0.39578112518571995,-0.2974208868199558,28261.08571428571,28623.542857142857,26563.17142857143,26977.41428571429,6130.560395318572,36981.71428571428,-0.016383283986152155,-0.02339009403222276,-0.04133731169134258,-0.045264587669092374,0.704429223321055,0.38280126547170606,27921.86666666667,29033.885000000002,31526.308000000005
2022-06-16,2022,6,16,22557.0,22950.0,20200.0,20366.3,7892.29096304,39183,22115.0,22773.3,20089.0,22559.6,14784.40560659,67896.0,-0.015360641139804065,-0.02298253893345925,-0.035295812524010706,0.020288544163538536,0.41163888795672077,0.13601151136915024,26977.914285714283,27405.942857142854,25169.028571428575,25887.242857142854,7838.385838248571,43430.0,-0.04525936394240394,-0.04145428085070774,-0.0452855081360752,-0.046310969747037155,0.5525333347219146,0.268123375472283,26944.455555555553,28702.52,31215.065999999995
